מזהה,סוג פרק,שם הדמות/הנושא,שנים/תקופה,אזור/מרחב,תקופה,תחום עיקרי,תגיות,תקציר (2–3 שורות),רעיון מרכזי/חידוש,דמויות/השפעות קשורות,קישור ספוטיפיי
1,טקסט יסוד,בן סירא,סביב 190 לפנה״ס,ירושלים; מצרים (תרגום/תוספות הנכד),עת העתיקה,חכמה ומוסר,"ספרות בית שני, מוסר ודרך ארץ, גבולות קאנון, השפעה חז""לית",,,,https://open.spotify.com/episode/3u5udRWI84FVJ3OsOBBbPF?si=ek7V_WzPS7OadSPOZSU-VA&context=spotify%3Ashow%3A4nrvg1RLAoxg9C0vVYM8qv
2,דמות,שמעון בן שטח,המאה ה־1 לפנה״ס,ירושלים,ימי בית שני,"משפט, הנהגה, מוסר","נשיא הסנהדרין, צדוקים, משפט, תיקון חברתי",מנהיג אמיץ שפעל לצדק חברתי ולשלטון החוק. עמד מול המלך ינאי והציל את התורה שבעל־פה.,חוק ומוסר יחד. רפורמות כדרך לשימור התורה.,"אלכסנדר ינאי, חכמי הסנהדרין",https://open.spotify.com/episode/68uAirBRMlyOGWWqbi1MTr?si=h14D1fBLQWqqGWQhVvbk9g&context=spotify%3Ashow%3A4nrvg1RLAoxg9C0vVYM8qv
3,דמות,פילון האלכסנדרוני,"בערך 20 לפנה""ס–50 לספירה",אלכסנדריה (מצרים הרומית),בית שני,"פילוסופיה יהודית-הלניסטית, פרשנות מקרא","אלגוריה, לוגוס, אפלטוניזם, סטואה, משלחת לקליגולה",הוגה יהודי-הלניסטי שפיתח קריאה אלגורית שיטתית במקרא וסינתזה עם הפילוסופיה היוונית; השפעתו זכתה לפריחה בעיקר אצל אבות הכנסייה.,תורה כחוק טבע אוניברסלי ופרשנות אלגורית כגשר בין מצוות לחכמה.,אפלטון; הסטואים; אבות הכנסייה; ניאופלאטוניזם,https://open.spotify.com/episode/2fMVi1amabmKmdSX6B0EFd?si=qN57GA_wSj-oAyLGESbvcw&context=spotify%3Ashow%3A4nrvg1RLAoxg9C0vVYM8qv
4,דמות,רבי עקיבא בן יוסף,המאה ה־1–2 לספירה,ארץ ישראל,תנאים,"תורה שבעל פה, מנהיגות, קבלה","מרד בר כוכבא, קידוש השם, המשנה, ארבעה שנכנסו לפרדס","מגדולי התנאים, עיצב את עולם התורה שבעל פה לאחר החורבן. הנהיג דור שבור מתוך אהבת ישראל ומסירות.","תורה כמעשה מהפכני־לאומי, איחוד בין עומק פנימי למאבק ציבורי.","רבי מאיר, רבי שמעון בר יוחאי, רחל",https://open.spotify.com/episode/0uanJ3YCjtfh1LxDbnbiPK?si=RxIXO5qGQAyo4tfBx4fpaw&context=spotify%3Ashow%3A4nrvg1RLAoxg9C0vVYM8qv
5,אישיות,עקילס מפונטוס – הגר שהפך את השפה היוונית לכלי נשק של תורה,המאה ה־2 לספירה,האימפריה הרומית; ארץ ישראל; ירושלים,עת העתיקה,תרגום ופרשנות,"תרגום המקרא, פולמוס יהדות–נצרות, תרגום עקילס, רבי עקיבא, ביקורת נוסח, שפה וזהות",עקילס מפונטוס יצר תרגום מילולי קיצוני למקרא כדי לשמר נאמנות למקור העברי ולאפשר דרש של תורה שבעל-פה. התרגום נכתב מול השימוש הנוצרי בתרגום השבעים והשפיע גם על מחקר נוצרי דרך אוריגנס וההקספלה. המילוליות שלו הפכה אותו גם לכלי מרכזי במחקר נוסח המקרא.,תרגום כמגן זהות: מילוליות שמייצרת נאמנות עברית ומרחב דרש מול פרשנות נוצרית.,רבי עקיבא; רבי אליעזר ורבי יהושע; אוריגנס; הירונימוס,https://open.spotify.com/episode/71nqAiPfV8HB7EWCckohvG?si=WbQiatqrSYaFpMpTf0PUBw&context=spotify%3Ashow%3A4nrvg1RLAoxg9C0vVYM8qv
6,דמות,רבי חייא הגדול,המאה ה־2–3 לספירה,"בבל, טבריה",תקופת המעבר תנאים–אמוראים,"תורה שבעל פה, חינוך","שכחת התורה, תוספתא, מסירות",הציל את התורה משכחה בפעולה מעשית כוללת. שילב עמל גשמי ורוחני כדי להעביר מסורת.,תורה נשמרת במעשה. אחריות אישית להעברה דורית.,"רבי יהודה הנשיא, רבי אושעיה",https://open.spotify.com/episode/4MI4LUL2FI4WeVtEdPZS5F?si=1SzwEIsyREKbbi0ep8GRBw&context=spotify%3Ashow%3A4nrvg1RLAoxg9C0vVYM8qv
7,דמות,רבה בר בר חנה,המאה ה־3 לספירה,"בבל, ארץ ישראל",אמוראים,"אגדה, תודעה, אלגוריה","אגדות חז""ל, ים, גלות, תיאולוגיה","אגדותיו הפנטסטיות הן כתב סוד של גלות וגאולה, משלים על עומק ההיסטוריה והאמונה.",אגדה ככלי תיאולוגי. השכל נעצר – הדמיון מתחיל ללמד.,"רבי יוחנן, רמב""ם, מהר""ל, ראיה""ה קוק",https://open.spotify.com/episode/7kYTSzyLvPI8HKdt7bdgf5?si=xjcloiaOTgWatqAtvwcUxQ&context=spotify%3Ashow%3A4nrvg1RLAoxg9C0vVYM8qv
8,חיבור/מדרש,מדרש רבה,המאה ה-4–12,"ארץ ישראל, בבל","חז""ל – ימי הביניים","אגדה, פרשנות, דרשנות","פתיחתא, בראשית רבה, ויקרא רבה, דרשות חז""ל","קורפוס אגדי עצום שנערך לאורך מאות שנים, ומשקף דרכי דרשנות וחיים יהודיים ברובד הציבורי.",הדרשה ככלי חינוכי ופילוסופי; יצירה קהילתית של תורה שבעל פה מתפתחת.,"הרד""ל, מהרז""ו, רש""ש",https://open.spotify.com/episode/0iVxn1iT9qqWMkwdQ3ANqu?si=U8YPcUW3QzGJznV1RhN3iA&context=spotify%3Ashow%3A4nrvg1RLAoxg9C0vVYM8qv
9,דמות,רבי יהודה החסיד (חסידי אשכנז),המאה ה-12–13,גרמניה (אשכנז),ראשונים,"מוסר, יראה, מיסטיקה ותפילה","ספר חסידים, חסידות אשכנז, קידוש השם, צוואת ר' יהודה החסיד",ממנהיגי חסידות אשכנז שהעמיד את טהרת הלב מעל חריפות השכל ושילב מוסר עם תפילה כתיקון עולמות; השפיע גם דרך 'צוואה' מעוררת מחלוקת.,"קדושה יומיומית: מסירות נפש כמצב תודעתי מתמשך – שליטה עצמית, אמת ודבקות.","חסידי אשכנז; הנודע ביהודה; החיד""א; הרב עובדיה יוסף (פסיקה על הצוואה)",https://open.spotify.com/episode/70SOBeANLpCEBeEplD3eOw?si=8DJXPWNfRfGaT4gXJh3ojg&context=spotify%3Ashow%3A4nrvg1RLAoxg9C0vVYM8qv
10,חכם,רבנו בחיי בן אשר,המאה ה-13–14,ספרד,ימי הביניים,"פרשנות, מוסר, קבלה","פירוש התורה, כד הקמח, שולחן של ארבע, פרד""ס","פרשן חדשני שהנגיש קבלה, מוסר ודרש בלשון בהירה לכלל ישראל, מפתח גישת הפרד""ס.","שילוב ארבעה רבדים בפירוש אחד שיטתי – פשט, רמז, דרש וסוד בלב הפרשנות.","הרמב""ן, רש""י, הזוהר",https://open.spotify.com/episode/3TickrNhU6vSQBo54LXxGf?si=f_o48wqqTdOqQJDDZ5GmRw&context=spotify%3Ashow%3A4nrvg1RLAoxg9C0vVYM8qv
11,חכם,"הר""ן (רבנו נסים מגירונה)",המאה ה-14,"ספרד, קטלוניה",שלהי ימי הביניים,"פסיקה, הגות, משפט עברי","דרשות הר""ן, משפט התורה, משפט המלך, המוות השחור","פוסק ומנהיג בעידן משבר, שילב רציונליות והגות תורנית מקורית, מייסד תפיסת משפט כפולה.",הבחנה בין משפט התורה האידיאלי לבין משפט המלך הפרגמטי לשמירה על סדר ציבורי.,"הרי""ף, הרמב""ם, רבי יוסף קארו",https://open.spotify.com/episode/2LuetW1C27UfICNkPhakAr?si=Rj0dtW4KRQWz2Xz0lyS2Sg&context=spotify%3Ashow%3A4nrvg1RLAoxg9C0vVYM8qv
12,דמות,רבי שמעון לביא,המאה ה-16–17 (לא צוין בטקסט),טריפולי (לוב),ראשונים מאוחרים/צפת-צפון אפריקה,"קבלה, פיוט, הנהגה קהילתית","בר יוחאי, כתם פז, זוהר, לוב, מקובלים","מקובל, רופא ומשורר שפעל לבניין יהדות טריפולי; חיבר פירוש עמוק על הזוהר ופיוטים מרכזיים שהשתרשו בכלל ישראל.",פיוט כטקסט מיסטי-מעשי: טשטוש בין הקורא לגיבור ושותפות בחוויה של עליית השכינה.,"זוהר; מסורת צפון אפריקה; מחקר מודרני (אידל, ליבס)",https://open.spotify.com/episode/09sbxccxPcM8mqxUj6yDR4?si=Xdf7WTTOTrGRnx8cafOzTw&context=spotify%3Ashow%3A4nrvg1RLAoxg9C0vVYM8qv
13,נושא/מושג,"מהפכת הרמב""ם, תגובת ספרד ומורשת הרמ""א – הקרב על נשמתה של התורה",ימי הביניים–המאה ה־16,ספרד; אשכנז; קרקוב,ימי הביניים,מוסר והגות,"פילוסופיה, סדרי לימוד, הלכה, מטאפיזיקה, קבלה, עולם הישיבות, סמכות","דרמה אינטלקטואלית על מטרת לימוד התורה: הרמב""ם מציב את ההשגה המטאפיזית כפסגה, וחכמי ספרד מדגישים את מרכזיות הגמרא ולעיתים את הקבלה. הרמ""א מעצב מודל שבו לימוד הלכה ותלמוד הם עצמם התכלית ובכך מניח יסודות לעולם הישיבות. הפרק מצביע על השלכות לשאלת סמכות תורה שבעל-פה.",הוויכוח על תכלית התורה: הלכה כתכלית מול פילוסופיה/קבלה כפסגה – ועיצוב עולם הישיבות.,"הרמב""ם; הרשב""א; הריטב""א; הרמ""א; רש""י ורשב""ם",https://open.spotify.com/episode/4NKKrtI7AcK5wwQ0ejB7h1?si=jKMxNYqPRq6LQQm_5UMAbw&context=spotify%3Ashow%3A4nrvg1RLAoxg9C0vVYM8qv
14,"חכמי ישראל - הגות, הנהגה והלכה",רבי יוסף אלבו,כ־1380–1444,ספרד,ימי הביניים המאוחרים,פילוסופיה יהודית/אמונה,"ספר העיקרים, ויכוח טורטוסה, עיקרים ושורשים",תלמיד קרשקש ונציג בוויכוח טורטוסה. זיקק את יסודות האמונה לשלושה עיקרים ובנה מבנה של שורשים וענפים.,גמישות תיאולוגית: הבחנה בין טעות לכפירה; אמונה כעמידות מוסרית; דגש על בחירה חופשית מול דטרמיניזם.,חסדאי קרשקש; הרמב״ם (השוואה),https://open.spotify.com/episode/3H710rBuEItb7at39hVzLn?si=0NqIKBYNRW-1ouc7QXWTmA&context=spotify%3Ashow%3A4nrvg1RLAoxg9C0vVYM8qv
15,"חכמי ישראל - הגות, הנהגה והלכה",רבי עובדיה מברטנורא (הרע״ב),כ־1445–1515,איטליה → ירושלים,ימי הביניים המאוחרים/ראשית העת החדשה,פירוש משנה/מנהיגות ארץ ישראל,"פירוש המשנה, עלייה לארץ, שיקום ירושלים, איגרות מסע",עלה לארץ במסע מפרך והנהיג את קהילת ירושלים הענייה תחת הממלוכים. ייסד מוסדות צדקה והחיה את היישוב היהודי.,שילוב קדושה ומעשה: פירוש משנה בהיר ומקיף לצד מהפכת הנהגה קהילתית שהכשירה קליטת גולי ספרד.,מהרי״ק; גולי ספרד; דפוס ונציה 1549,https://open.spotify.com/episode/2OEMGQeVLEIKytDCVSLS4c?si=chKodDJITYOZaqhqfu641A&context=spotify%3Ashow%3A4nrvg1RLAoxg9C0vVYM8qv
16,"חכמי ישראל - הגות, הנהגה והלכה",רבי יוסף חיון (רי״ח),מאה 15,"ליסבון, פורטוגל",ימי הביניים המאוחרים,פרשנות מקרא/תיאולוגיה,"תורה מן השמים, דיוק לשוני, ספר דברים, פרשנות סמנטית",מנהיג קהילת ליסבון ומורו של האברבנאל. פיתח פתרון לשאלת 'דברים מפי עצמו' ועיקרון שאין כפל עניין בתנ״ך.,"משה ניסח נאומים, אך ה׳ הכתיב לו מילה במילה בעת כתיבת התורה; כל מילה במקרא ייחודית ואין 'נרדפות' סתמית.",דון יצחק אברבנאל; קנפנטון; המלבי״ם (הקדמה רעיונית),https://open.spotify.com/episode/5J3m8GmCr0dbgQl0IyUyW6?si=1IGep-qsTTqUU5n38FGXHQ&context=spotify%3Ashow%3A4nrvg1RLAoxg9C0vVYM8qv
17,דמות,רבנו גרשום מאור הגולה,כ־960–1040,אשכנז (מגנצא),ראשית ימי הביניים,"הלכה, הנהגה ציבורית, פיוט","חרם דרבנו גרשום, מונוגמיה, פרטיות, פיוט","מנהיג יהדות אשכנז, מחוקק חברתי ופייטן. הנהיג תקנות נועזות והקים מרכז תורני עצמאי באירופה.","תורה עם מוסר: הגנה על כבוד האישה, פרטיות האדם, אנושיות כלפי אנוסים.","רש""י, קהילות שו""ם",https://open.spotify.com/episode/6rxAHJOCR3W7MJnFSV86xT?si=H9fHo49NSeWQatNizV_1Qg&context=spotify%3Ashow%3A4nrvg1RLAoxg9C0vVYM8qv
18,אישיות,"מנחם בן סרוק (910–970) – מהפכת הלשון העברית: שורשים, דקדוק ופולמוס בספרד",910–970,ספרד המוסלמית (אל-אנדלוס),ימי הביניים המוקדמים,לשון,שורשים; מילון עברי; דקדוק; פולמוס לשוני,"מנחם בן סרוק כחלוץ הדקדוק העברי: חיבור 'מחברת', עיצוב שיטת השורשים והמשקלים, והוויכוח עם דונש בן לברט.",בירור העברית ככלי זהות וכבסיס להבנת המקרא ולבניית תרבות יהודית בספרד.,דונש בן לברט; סעדיה גאון; ראשית מדעי הלשון העבריים,https://open.spotify.com/episode/1aatpLWRTj8Ez9CCPESBsJ?si=qPWDX3cFQX-c4krDHndhLg&context=spotify%3Ashow%3A4nrvg1RLAoxg9C0vVYM8qv
19,דמות,חסדאי אבן שפרוט,915–970,"קורדובה, ספרד",תור הזהב,"רפואה, דיפלומטיה, הנהגה","כוזרים, דיפלומטיה, שירה עברית, תרגום רפואה",יהודי מבריק שפעל בצמרת החצר המוסלמית בקורדובה. בנה עתיד רוחני ליהדות ספרד.,שילוב בין זהות יהודית והשפעה מדינית; הנהגה מתוך עולם כללי.,"רבי משה בן חנוך, מנחם בן סרוק, דונש בן לברט",https://open.spotify.com/episode/36w5041jUrEn5oPKATSVn1?si=MbuFoj6dTAmp2tr1kvWhKQ&context=spotify%3Ashow%3A4nrvg1RLAoxg9C0vVYM8qv
20,"חכמי ישראל - הגות, הנהגה והלכה",רב האי גאון,939–1038,"פומבדיתא, בבל",תקופת הגאונים,הלכה/מנהיגות,"אין למדין מן האגדה, תשובות הגאונים, סיום תקופה","פוסק-על שאליו נשלחו שאלות מכל תפוצות ישראל. חיבר מאות תשובות, מונוגרפיות הלכתיות, מילון עברי-ארמי ופיוטים.",העמדת ההלכה כבסיס מחייב לצד אגדה כהשראה; יצירת גשר ספרותי לקראת ימי הראשונים והפיכת הבבלי ל'ספר החוקה'.,רב שרירא גאון; הרמב״ם; הרי״ף; ר״ן,https://open.spotify.com/episode/1crQJTeUeTRzuNWrBy5Xnw?si=ppjBOgTPRIyTSI6012GT2g&context=spotify%3Ashow%3A4nrvg1RLAoxg9C0vVYM8qv
21,דמות,רבי יונה אבן ג'נאח,990–1055,"קורדובה, סרגוסה",תור הזהב בספרד,"דקדוק עברי, פרשנות מקרא","שורשים, דקדוק, מקרא, רפואה",בנה את תשתית הדקדוק העברי. פליט שהפך לבלשן מוביל ומורה לעברית כתורה.,עברית מדויקת כהבנת דבר ה'. לימוד לשון הוא שליחות אמונית.,"רבי יהודה חיוג', שמואל הנגיד",https://open.spotify.com/episode/2ZySwZSy0mmYVgrpGXmiAa?si=UXmixqclQw-5piyftOolMg&context=spotify%3Ashow%3A4nrvg1RLAoxg9C0vVYM8qv
22,"חכמי ישראל - הגות, הנהגה והלכה",רב שמואל בן חפני גאון (רשב״ה),997–1013 (ראש ישיבת סורא),בבל,תקופת הגאונים,הלכה/שיטה תורנית,"אין למדין מן האגדה, כתיבה שיטתית, ערבית-יהודית",מגדולי גאוני בבל. חיבר עשרות ספרים הלכתיים סדורים והדגיש שהאגדה הדרכה רעיונית אך אינה בסיס לפסיקה.,טיהור גבולות ההכרעה: הלכה כמחייבת; סינון תפיסות מאגיות והעמדת אמונה על שכל ישר ונאמנות למסורת.,רב האי גאון (מחלוקת בבית); הרמב״ם (השפעה),https://open.spotify.com/episode/5WkWoNLiebM2a8oFJMR0Ww?si=sthu_CbIRlWVxdXI0vQuKQ
23,דמות,רבי יוסף אבן מיגאש,1077–1141,ספרד,ימי הביניים,"הלכה, תלמוד","רי""ף, עיון, סמכות תלמודית, הרמב""ם","תלמיד הרי""ף וראש ישיבת לוסנה. הציב את התלמוד כסמכות עליונה, הניח יסוד לעיונו ההלכתי של הרמב""ם.",ביקורת אינטלקטואלית עצמאית כלפי מסורת; עיון מעמיק והבנה מעל קבלה עיוורת.,"רי""ף, הרמב""ם, רבי מימון",https://open.spotify.com/episode/4rAsgRTzQIOx4TeBSEabWs?si=GfRHvQhxR0S1BlCRAeCsRA&context=spotify%3Ashow%3A4nrvg1RLAoxg9C0vVYM8qv
24,אישיות,רבנו תם (ר׳ יעקב בן מאיר) – מהפכן השיטה התוספתית,1100–1171,צרפת (אשכנז),ראשונים,תלמוד ושיטה למדנית,"תוספות, שתי שקיעות, תפילין, תקנות, מסעות הצלב",נכדו של רש״י שבנה את שיטת בעלי התוספות: לא מוותרים על סתירות – מחברים סוגיות וגשרים. במקביל היה מנהיג קהילה בתקופת מסעי הצלב ותקן תקנות חברתיות.,"נאמנות קשוחה לנוסח הגמרא (“בספרים אל ימחק”) שמכריחה עומק, דיוק וחילוקים – ומייצרת לימוד יוצר.",בעלי התוספות; רש״י; מנהג זמן רבנו תם,https://open.spotify.com/episode/5u9zxyAssijvwzZnbKM7OQ?si=o5kksAmaQNiRkBHxN8CVpQ&context=spotify%3Ashow%3A4nrvg1RLAoxg9C0vVYM8qv
25,אישיות,"רבי אברהם אבן דאוד (הראב""ד הראשון)",1110–1180,ספרד → טולדו,ימי הביניים,הגות/היסטוריה,"תורה שבעל פה, פולמוס קראי, פילוסופיה אריסטוטלית, מסירת דורות",,,,https://open.spotify.com/episode/7w1L1hQYnLtvaAWjCSIoud?si=dEz9V-NmSAiXCrVvP2TVEw&context=spotify%3Ashow%3A4nrvg1RLAoxg9C0vVYM8qv
26,"חכמי ישראל - הגות, הנהגה והלכה",רבנו חננאל בן חושיאל,מאה 11,קירואן (צפון אפריקה),תקופת הגאונים המאוחרת/ראשית הראשונים,פירוש תלמוד/פסיקה,"בהירות תלמוד, שיטתיות, שילוב ירושלמי בבבלי",גדול פוסקי קירואן והראשון שכתב פירוש שיטתי לתלמוד הבבלי. סיכם סוגיות בהירות והכשיר קרקע לרי״ף והרמב״ם.,"מיפוי ים הסוגיות למסילה הלכתית: תמצות, בירור נוסח, ושילוב שיטתי של הירושלמי להכרעה.",רבנו ניסים; הרי״ף; הרמב״ם,https://open.spotify.com/episode/580Us9ygui6IR3ypcVlNrx?si=CXbbk-zsTe2qpBK4ZwXvGA&context=spotify%3Ashow%3A4nrvg1RLAoxg9C0vVYM8qv
27,דמות,"רבנו בחיי בן פקודה (רלב""ח)",המאה ה-11,ספרד,ימי הביניים,"מוסר, פילוסופיה, פרשנות","חובות הלבבות, מוסר יהודי, פילוסופיה דתית","מחבר 'חובות הלבבות', חיבור מוסרי-תיאולוגי קלאסי שעסק בכוונה, אמונה, בטחון ותיקון מידות.",הבחנה בין חובות האיברים (מעשים) לחובות הלבבות (כוונה פנימית); מוסר כתשתית לאמונה שלמה.,"סעיד אלאנדלוסי, פילון האלכסנדרוני, ראשוני ספרד",https://open.spotify.com/episode/1qBD3kU3bmTNA8rWq0ezbD?si=bN7eR5kdS5qZ7TCI5dn5NA&context=spotify%3Ashow%3A4nrvg1RLAoxg9C0vVYM8qv
28,נושא/מושג,"חכמי פרובנס – בין נרבון, בית דוד והמיסטיקה הראשונה: המרכז היהודי ששבר את המפה הרוחנית של ימי הביניים",המאות ה־11–13,פרובנס; נרבון; דרום צרפת,ימי הביניים,היסטוריה ותולדות,"הלכה ותלמוד, מפגש ספרד–אשכנז, נשיאות נרבון, קבלה מוקדמת, חסידות אשכנז, מוסדות","פרובנס מתוארת כמרחב מפגש בין הלכה ספרדית שיטתית לדיאלקטיקה אשכנזית-צרפתית, וכמוקד מדיני-תורני סביב נרבון והמסורת הנשיאותית. מתוך המתח הזה נולדת קבלה מוקדמת בסינתזה עם חסידות אשכנז. הפרק מציג כיצד מרכז אזורי קטן שינה את המפה הרוחנית של ימי הביניים והכין קרקע להתפתחויות מאוחרות.",מפגש מסורות כמנוע יצירה: סינתזה בין ספרד–אשכנז שמולידה מרכז הלכתי ומיסטי חדש.,"הראב""ד; הרז""ה; האחים הכהן; יצחק סגי נהור",https://open.spotify.com/episode/28wg8VCd8QFBLQiEa8y15f?si=ai8T1gHuSUulzXa6z02hwA&context=spotify%3Ashow%3A4nrvg1RLAoxg9C0vVYM8qv
29,אישיות,רבנו בחיי אבן פקודה – חובות הלבבות,המאה ה־11 (לא צוין בטקסט),ספרד המוסלמית,ימי הביניים,מוסר והגות,"חובות הלב, כוונה, פילוסופיה, אמונה, חסידות/מוסר","מחבר 'חובות הלבבות' מזהה משבר רוחני: דת של מעשה חיצוני בלי כוונה. מציע שיטה סדורה של עבודת הלב – אמונה, אהבה, יראה, ביטחון ומודעות פנימית.",הבחנה בין חובות האיברים לחובות הלב: המעשה חשוב – אבל הכוונה והאחריות הפנימית הן ליבת העבודה הדתית.,השפעה על תנועת המוסר ועל החסידות; דיאלוג עם מחשבה פילוסופית,https://open.spotify.com/episode/1qBD3kU3bmTNA8rWq0ezbD?si=bN7eR5kdS5qZ7TCI5dn5NA&context=spotify%3Ashow%3A4nrvg1RLAoxg9C0vVYM8qv
30,דמות,"הרמב""ם",1138–1204,"ספרד, מצרים",ימי הביניים,"הלכה, פילוסופיה, רפואה","משנה תורה, מורה נבוכים, י""ג עיקרים, השכל","מהפכן כפול – סידר את ההלכה בבהירות וסיים את עידן התלמוד, ובו זמנית ניסח אמונה רציונלית דרך מורה נבוכים.","סדר, תבונה, עקרונות יסוד באמונה. התורה נבנית על דעת – ומובילה לגאולת היחיד והציבור.","הרמב""ן, רב האי גאון, אריסטו",https://open.spotify.com/episode/3SyvZ5qZe9Mjieu9Wf6pzA?si=_lXCTTbETvq-J9ZQgwSsUw&context=spotify%3Ashow%3A4nrvg1RLAoxg9C0vVYM8qv
31,אישיות,רבי יצחק סגי נהור,1160–1235,פרובנס,ימי הביניים,קבלה מוקדמת,"ספר יצירה, ספירות ואותיות, תורת הכוונות, גבולות כתיבת סוד",,,,https://open.spotify.com/episode/16NM4luayYQvcaoGO21kWg?si=c9XlKJwYQIelAKtxfRIUeg&context=spotify%3Ashow%3A4nrvg1RLAoxg9C0vVYM8qv
32,דמות,רבי יצחק מווינה (בעל האור זרוע),1180–1250,"אשכנז, אוסטריה",ימי הביניים,"תלמוד, פסיקה, חסידות אשכנז","אור זרוע, תלמוד ירושלמי, חסידות אשכנז, טקסטואליות","אחד מהפוסקים הגדולים של אשכנז, שכתב אנציקלופדיה תלמודית ופסיקתית עם שילוב מהפכני של בבלי וירושלמי.","עומק טקסטואלי, העזה פסיקתית ושילוב בין מסורת לחדשנות, בין קהילה לפרט.","המהר""ם מרוטנבורג, חסידי אשכנז, הרמב""ם",https://open.spotify.com/episode/7oMEYgzLDDMfqNduDgnyXR?si=MeN4kSbhSE28jUawX4A5yg&context=spotify%3Ashow%3A4nrvg1RLAoxg9C0vVYM8qv
33,חכם,"הרמב""ן (רבי משה בן נחמן)",1194–1270,"ספרד, ארץ ישראל",ימי הביניים,"פרשנות, הלכה, קבלה","ויכוח ברצלונה, פרשנות לתורה, תורת הסוד, עלייה לארץ","פוסק, פרשן ומקובל ששילב את כל רבדי התורה, חידש את יישוב ירושלים ועמד באומץ מול הכנסייה.","שילוב פשט, דרש, סוד ופרשנות קבלית – ראיית הטבע כסדרה של ניסים נסתרים.","הרמב""ם, בעלי התוספות, הר""ן",https://open.spotify.com/episode/3ZjAqfQEp21lw1GXKibFGq?si=YJZ3ch4eSwyHsKpI5MnDUw&context=spotify%3Ashow%3A4nrvg1RLAoxg9C0vVYM8qv
34,"חכמי ישראל - הגות, הנהגה והלכה",רבי יוסף בכור שור,מאה 12,"אורליאן, צרפת",ימי הביניים,פרשנות מקרא/פולמוס,"פשט, פולמוס נוצרי, פסיכולוגיה של המקרא",תלמיד רבנו תם. פירוש לתורה בפשט מדויק ומתנגד לאלגוריה. שילב קריאה אנושית-פסיכולוגית ופולמוס עם הנצרות.,צמצום ניסים והעדפת הסבר טבעי; 'סיפורים כפולים' כתיאור דו-זוויתי; הגנה חדה על פשט יהודי מול אלגוריה נוצרית.,רש״י; רשב״ם; חזקוני; דעת זקנים,https://open.spotify.com/episode/6gxbZoolueHckeaIeU0qC4?si=xt72_2GJSQaOWjm-m_V9Jg&context=spotify%3Ashow%3A4nrvg1RLAoxg9C0vVYM8qv
35,דמות,רבי זרחיה הלוי (בעל המאור),המאה ה-12,פרובנס/גירונה,ראשונים,"תלמוד והלכה, מתודולוגיה","ספר המאור, הרי""ף, הראב""ד, הרמב""ן, ביקורת נוסח, פיוט","מחבר 'ספר המאור' שחידש דיון עצמאי בסוגיות הרי""ף והעמיד דגם של יושר תורני וביקורת טקסטואלית; עורר פולמוס מול הראב""ד וזכה להכרה מהרמב""ן.",חתירה לאמת המולידה עיון ביקורתי נאמן למסורת – לא קבלה עיוורת.,"הרי""ף; הראב""ד; הרמב""ן; בעלי התוספות; תרבות פרובנס",https://open.spotify.com/episode/1Oey4Q7UY5P9TmSReEIy5e?si=mdXUHy9yRk6AjBZ5VpC4dA&context=spotify%3Ashow%3A4nrvg1RLAoxg9C0vVYM8qv
36,דמות,"המהר""ם מרוטנבורג",1220–1293,אשכנז,ימי הביניים,"הלכה, הנהגה, פסיקה","שבויים, פסקי מהר""ם, רדיפות, אחריות ציבורית","פוסק עליון וראש קהילות אשכנז, שוויתר על חייו כדי לא לסכן את הציבור. פסיקתו עיצבה דורות של הלכה אשכנזית.","אחריות הלכתית שאינה חוששת מהקרבה אישית. פסיקה מתוך עקרונות יסוד, גם במחיר אישי קשה.","הרא""ש, המרדכי, תלמידי מהר""ם",https://open.spotify.com/episode/2KEK5HHxNXY0mD1HV36wrn?si=tvTDPyo5RDqK7veu2i3o-A&context=spotify%3Ashow%3A4nrvg1RLAoxg9C0vVYM8qv
37,אישיות,"בנימין מטודלה – העד הנאמן של ישראל בגלות, שגילה את העולם היהודי במאה ה־12",המאה ה־12,ספרד; ביזנטיון; בבל; ארץ ישראל; צפון אפריקה,ראשונים,היסטוריה ותולדות,"ספר המסעות, קהילות, היסטוריה של הגלות, מסחר, ראש הגולה, צלבנים","בנימין מטודלה תיעד במסעו קהילות יהודיות, מספרים ומעמד חברתי-מדיני, ובכך שרטט מפת גלות נדירה. תיאוריו מצביעים על פערים בין שגשוג תחת שלטון מוסלמי לבין דיכוי תחת שלטון נוצרי, ומשלבים מידע מסחרי עם מסורות עממיות. הספר נעשה מקור מרכזי לתולדות ישראל בימי הביניים למרות יד עורך וסיפורי אגדה.",מיפוי הגלות כאתוס: תיעוד קהילות יהודיות כבסיס לזיכרון היסטורי ולתודעת אחדות ישראל.,ראש הגולה בבגדאד; ביזנטיון; צלבנים,https://open.spotify.com/episode/6uPNMCDmtJeamUc81SVz8X?si=hq1vgxJiTtWawhKuv44zAQ&context=spotify%3Ashow%3A4nrvg1RLAoxg9C0vVYM8qv
38,דמות,"הראבי""ה (רבי אליעזר בן יואל הלוי)",המאה ה־12,אשכנז,ימי הביניים,"תלמוד, פסיקה, מסורת","אבי העזרי, תוספות, ברכה על נרות, סובלנות הלכתית","איש שהביא גישה דיאלקטית למסורת האשכנזית, שילב חריפות עם שמירה על המנהג, וכתב את 'אבי העזרי'.","אומץ לפסוק הלכה מתוך הבנה של המנהג, שילוב חריפות אינטלקטואלית עם רגישות למציאות.","האור זרוע, המרדכי, הרא""ש",https://open.spotify.com/episode/0oglKv7NMszH0VEiXz5kUO?si=NVD7q8DaQmykqYgcbPvhTg&context=spotify%3Ashow%3A4nrvg1RLAoxg9C0vVYM8qv
39,חכם,רבי אברהם אבולעפיה,1240–לאחר 1291,"ספרד, איטליה",ימי הביניים,"קבלה נבואית, פילוסופיה","קבלת השמות, נבואה, השגה, האפיפיור, ספר יצירה","מקובל רדיקלי שפיתח דרך להשגת נבואה דרך צירופי אותיות ותרגולים, נתקל בהתנגדות חריפה.","הפיכת הקבלה לדרך שיטתית להשגה מיסטית – תודעה, שפה, נשימה ושכל פועל.","הרמב""ם, הרשב""א, החיד""א",https://open.spotify.com/episode/7msZQUuF40gc7MzEt8TGBP?si=KrFSwcIsTAeCvwOI2XJ6HA&context=spotify%3Ashow%3A4nrvg1RLAoxg9C0vVYM8qv
40,דמות,רבי מנחם המאירי,1249–1316,פרובנס,ימי הביניים,"תלמוד, הלכה, מוסר ופילוסופיה","בית הבחירה, רציונליזם, גויים בימינו, הלכה שיטתית","הוגה מבריק מפרובנס, מחבר 'בית הבחירה'. שילב פילוסופיה רציונלית ולמדנות מסודרת, ודגל בגישה מוסרית־אוניברסלית להלכה.","הבחנה בין עובדי עבודה זרה לעמים מוסריים, שיטתיות בהלכה ורגישות לפרשנות מקראית.","הרמב""ם, חכמי פרובנס",https://open.spotify.com/episode/0sf3x7eQhEBrOAR6VxdNkT?si=n05csch-Ro-_v1faq7v6hg&context=spotify%3Ashow%3A4nrvg1RLAoxg9C0vVYM8qv
41,"חכמי ישראל - הגות, הנהגה והלכה","הריטב""א – המקובל שהגן על הפילוסוף",בערך 1250–1320,ספרד,ראשונים,"הלכה, פרשנות תלמוד, הגות","ריטב""א, חידושי הריטב""א, רמב""ם, רמב""ן, מחלוקת לשם אמת","מגדולי חכמי ספרד ומחבר חידושים יסודיים. ב'ספר הזיכרון' מציג הגנה מורכבת על הרמב""ם לצד נאמנות לקבלה.","מ""ט פנים: התורה כוללת ריבוי דעות מראש; מחלוקת כדרך גילוי, לא תקלה.","הרשב""א; הרא""ה; רמב""ם; רמב""ן",https://open.spotify.com/episode/4Ao8OV05AacTbZqu6NBgea?si=W5Amlrl8SweLMAZfibe8Ew
42,דמות,המרדכי (רבי מרדכי בן הלל אשכנזי),1250–1298,אשכנז,ימי הביניים,"הלכה, פסיקה, פיוט","ספר המרדכי, תוספות, רמ""א, פיוט","פוסק מרכזי שאסף עולם שלם של הלכה אשכנזית רגע לפני שחרב. ספרו שימר את מסורת התוספות והשפיע על הרמ""א.","שילוב בין עיון למנהג, בין דקדוק לשירה, בין עומק לסדר בתקופה של משבר קיומי.","מהר""ם מרוטנבורג, הרא""ש, תלמידי מרדכי",https://open.spotify.com/episode/4TIzbEP8cp0XnScsOSVYcj?si=0WeGXJAfRX6Nf3Ss6WyZFA&context=spotify%3Ashow%3A4nrvg1RLAoxg9C0vVYM8qv
43,"חכמי ישראל - הגות, הנהגה והלכה",רבי יחיאל מפריז,1260–1268 לערך (פעיל סביב 1240),פריז,ימי הביניים,הנהגה/פולמוס/הלכה,"משפט פריז, שריפת התלמוד, הגנה ציבורית",עמד במשפט פריז (1240) נגד האשמות על התלמוד. למרות טיעוניו נשרפו 24 עגלות כתבי יד; נחשב סמל לאומץ ציבורי.,הגנה פרשנית ושיטתית על ספרות חז״ל ברגע היסטורי; השפעה תורנית דרך תלמידים וישיבה גדולה בפריז.,מהר״ם מרוטנבורג; פיוט 'שאלי שרופה באש'; שלמה שכטר (גילוי כתבים),https://open.spotify.com/episode/46MHn4vu6ORF3S4hyf9rN9?si=emke5mE1R0atmSqv8s65nA&context=spotify%3Ashow%3A4nrvg1RLAoxg9C0vVYM8qv
44,ספר,ילקוט שמעוני,המאה ה־13,אשכנז,ימי הביניים,מדרש,"דרש, אנתולוגיה, מדרשים אבודים, פסוקים, מסורת","אנתולוגיה מדרשית עצומה לפי סדר פסוקי התנ״ך, המשמרת מדרשים שאבדו. מיוחסת לרבי שמעון הדרשן.","שימור ולא חידוש – ארכיון רוחני של מחשבת חז""ל. שמירת מסורת דווקא בעידן של קריסת קהילות ורדיפות.","חז""ל, מדרש תנחומא, מדרש אבכיר",https://open.spotify.com/episode/7tKvMKCTFSZebvK2vj0U5b?si=KkwrCOkiTn-0kjc_gAvE6Q&context=spotify%3Ashow%3A4nrvg1RLAoxg9C0vVYM8qv
45,"חכמי ישראל - הגות, הנהגה והלכה",רבי יצחק בר ששת (הריב״ש),1326–1408,ספרד → אלג׳יר,ימי הביניים המאוחרים,הלכה/הנהגה,"שו״ת הריב״ש, אנוסים, שיקום קהילה, פרעות קנ״א",תלמיד הר״ן ופוסק עליון. ברח כפליט קשיש לאלג׳יר והנהיג אלפי פליטים; שו״ת כ'יומן אנושי' של שיקום קהילה.,"פסיקה עם חמלה: מעמד האנוסים, זכויות נשים, כוח הקהל; שמירת גבולות אמוניים מול פילוסופיה כ'סכנה'.",הר״ן; רבי יוסף קארו (שולחן ערוך),https://open.spotify.com/episode/59OpwWz4UjKqH3FjomFj2o?si=rdp0-qynTeSsYETcBzWFeQ&context=spotify%3Ashow%3A4nrvg1RLAoxg9C0vVYM8qv
46,"חכמי ישראל - הגות, הנהגה והלכה",הרב חסדאי קרשקש,בערך 1340–1410/11,"אראגון, ספרד",ימי הביניים המאוחרים,פילוסופיה יהודית/הלכה/הנהגה,"אור ה׳, אהבת ה׳, ביקורת אריסטו, פרעות קנ״א",מנהיג יהודי אראגון בפרעות 1391 ופילוסוף מהפכני. העמיד את האהבה במרכז ושבר יסודות אריסטוטליים.,אל אוהב ובריאה מתמדת; חופש/בחירה מול דטרמיניזם; רעיונות על חלל/אינסוף שהקדימו את המדע החדש.,הר״ן; פיקו דלה מירנדולה; שפינוזה; רבי יוסף אלבו,https://open.spotify.com/episode/2zU0Aketj3W85PjNE1z3Vb?si=Pk7On-aRRGGhb5WcmT7sBw&context=spotify%3Ashow%3A4nrvg1RLAoxg9C0vVYM8qv
47,"חכמי ישראל - הגות, הנהגה והלכה",רבי אפרים אנקווה – 'הרב הרוכב על האריה',1354–1442,תלמסאן (אלג'יריה) / ספרד–צפון אפריקה,ימי הביניים המאוחרים,"הגות, רפואה, פיוט, מנהיגות","גזירות קנ""א, תלמסאן, ניסים, שער כבוד ה', רמב""ם, פיוט","פליט גזירות קנ""א שהפך לרב העיר תלמסאן, רופא ופייטן. סביבו נקשר סיפור האריה, ובכתביו דיון על ניסים, טבע ואמונה.",חיבור בין אמונה בניסים לבין קריאה רציונלית־פילוסופית (בקו מימוני) על סדרי הטבע.,"רבי ישראל אנקווה; רמב""ם; מקובלי צפת (מסורת על הספר)",https://open.spotify.com/episode/7q3U1w91U94YzhWhEWkgSB?si=_S7R53NtShWFrJK8OKNZiA
48,"חכמי ישראל - הגות, הנהגה והלכה",רבי ישראל אלנקוה,מאה 14,טולדו (ספרד),ימי הביניים המאוחרים,מוסר/אגדה,"מנורת המאור, פרעות קנ״א, כינוס מדרשים","מחבר 'מנורת המאור' מתוך כאב הדור והפיזור הרוחני. אסף מדרשים, אגדה וזוהר למסילת מוסר חיה ונגישה.",מוסר כ'מנגינה חיה': צדקה כתיקון והצלה; תפילה כעמידה של דלות; הבניית חיים דרך סיפורים ומשלים.,הרא״ש; יהדות ספרד לאחר 1391,https://open.spotify.com/episode/7ong9XinXN1Na6aWhTzXME?si=lbiKr9SOR_6I6aDDMh5jHQ&context=spotify%3Ashow%3A4nrvg1RLAoxg9C0vVYM8qv
49,"חכמי ישראל - הגות, הנהגה והלכה",הרב יצחק אבוהב,מאה 14,ספרד,ימי הביניים המאוחרים,מוסר/הדרכה לציבור,"מנורת המאור, תיקון המידות, קהל רחב","מחבר 'מנורת המאור' כספר מוסר לעם כולו – נשים, ילדים ובעלי מלאכה. שילב חז״ל, אגדה והלכה לתמונה חינוכית.",להחזיר את 'הלב' למרכז: השכל בלי מוסר אינו די; כל מצווה ומידה טובה מאירה אור פנימי.,ספרות המוסר בספרד; מסורת לימוד בבתי כנסת,https://open.spotify.com/episode/2ajjVlwvLyK2uIK53Hfeav?si=ExZ_-IItTIS8eLLBHwu3xg&context=spotify%3Ashow%3A4nrvg1RLAoxg9C0vVYM8qv
50,אישיות,רבי יצחק עראמה (בעל העקידה),1420–1494,ספרד (אראגון) → דור הגירוש,ימי הביניים,דרשנות/הגות,"זהות יהודית בסוף ספרד, פילוסופיה וקבלה, דרשות ציבור",,,,https://open.spotify.com/episode/569PKgJ66rKNm3LAxtU8Hv?si=2Q7hPpMnQ2G0K4g7BVxLQw&context=spotify%3Ashow%3A4nrvg1RLAoxg9C0vVYM8qv
51,חכם,"רבי אליהו מזרחי (הרא""ם)",1435–1526,"האימפריה העות'מאנית, קושטא",ראשית העת החדשה,"פרשנות, פסיקה, הנהגה","פירוש רש""י, חכם באשי, ספר המזרחי, קליטת מגורשי ספרד","פירושו ההגיוני והעמוק לרש""י הפך לבסיס להבנת פרשנותו, מנהיג רוחני של יהדות קושטא.","אין מילה מיותרת ברש""י – כל מילה באה לענות על שאלה מדויקת. בניית שיטה פרשנית שיטתית לרש""י.","רש""י, הרמב""ן, מהר""ל, שפתי חכמים",https://open.spotify.com/episode/3prGOsLsSDsg5gSp4qNFVk?si=nK1oeOiaTVaxE-zcpvBApQ&context=spotify%3Ashow%3A4nrvg1RLAoxg9C0vVYM8qv
52,"חכמי ישראל - הגות, הנהגה והלכה","דון יצחק אברבנאל – המדינאי, הפילוסוף והפרשן שבנה גשר בין הגלות לגאולה",1437–1508,פורטוגל/ספרד/איטליה,ימי הביניים המאוחרים,"הגות, פרשנות מקרא, הנהגה","גירוש ספרד, רנסאנס, פירושי תנ""ך, משיחיות, מחשבה פוליטית","מדינאי ופרשן תנ""ך מרכזי; כתב פירושים מקיפים וספרים פילוסופיים־משיחיים מתוך חוויית גירוש ונדודים.",קריאה היסטורית־תיאולוגית של המקרא וההיסטוריה כדרך לעצב זהות ותקווה בגלות.,גולי ספרד; הרנסאנס האיטלקי; דיון על מלוכה ושלטון,https://open.spotify.com/episode/5TcOFBOg5ZWpmJzEWAE1ef?si=KE21EdSuTNuD9N_tr8puSQ&context=spotify%3Ashow%3A4nrvg1RLAoxg9C0vVYM8qv
53,"חכמי ישראל - הגות, הנהגה והלכה",רבי יוסף טאיטצאק – המקובל שחזה את הציונות,1465–1546,סלוניקי (האימפריה העות'מאנית),ימי הביניים המאוחרים,"קבלה, הנהגה, משיחיות","גירוש ספרד, סלוניקי, ספר המשיב, מגיד/התגלות, שיבת ציון","ראש ישיבה ומקובל מגולי ספרד; מחבר/מקבל ה'משיב' וחוליה מרכזית בדור צפת–סלוניקי. שילב סיגוף, תודעת קץ וחזון לאומי.",תודעת גאולה פעילה וחזון שיבת ציון מתוך עולם הקבלה של גולי ספרד.,רבי יוסף קארו; רבי שלמה אלקבץ; רבי משה אלשיך; גולי ספרד; מסורות על הרצל,https://open.spotify.com/episode/2wytNryqHZzLbnhrdOWa5R?si=re_LmFw7Sj-hECTSLe4PWQ
54,אישיות,"הרדב""ז (1479–1573) – מגדולי הפוסקים: בין ספרד למצרים וארץ ישראל",1479–1573,ספרד/פורטוגל; מצרים; ארץ ישראל,ראשית העת החדשה,הלכה,"שו""ת; הנהגה; גירוש ספרד; פסיקה במציאות משתנה","הרדב""ז כפוסק-על ומנהיג: נדודים מספרד למצרים ולא""י, פסיקה מעשית בסוגיות קשות, והשפעה עצומה דרך שו""ת הרדב""ז.",גמישות הלכתית אחראית: נאמנות למסורת לצד מענה למציאות חדשה של גירוש וכלכלה.,ר' יוסף קארו; חכמי צפת; פסיקת ספרד לאחר הגירוש,https://open.spotify.com/episode/5IjkApm09lYPZJ5CqYQ33i?si=hQwYuqEWRSao3ZOdAPmV3g&context=spotify%3Ashow%3A4nrvg1RLAoxg9C0vVYM8qv
55,חכם,"המהרש""ל (רבי שלמה לוריא)",1510–1573,"פולין, ליטא",ראשית העת החדשה,"תלמוד, הלכה, ביקורת נוסח","ים של שלמה, חכמת שלמה, רמ""א, עמל הסוגיה","פוסק ומהפכן בלימוד, התנגד ל""פלפול"" ודגל בדיוק ובחזרה למקורות. עמד מול הרמ""א במחלוקת רעיונית.","יושר הלכתי וביקורת מקורית, דקדוק קפדני ושיבה למקורות התלמודיים.","הרמ""א, תלמידי לובלין, רש""י",https://open.spotify.com/episode/77qmOPOAQ6RIlbvk9VtmFb?si=oVGKR2pUS52WL8j3CeXs-Q&context=spotify%3Ashow%3A4nrvg1RLAoxg9C0vVYM8qv
56,דמות,רבי משה קורדובירו (הרמ״ק),1522–1570,"צפת, ארץ ישראל",ראשית העת החדשה,"קבלה, הגות, הנהגה רוחנית","קבלה, פרדס רימונים, תומר דבורה, תיקון האדם, מקובלי צפת","מהגדולים שבמקובלי צפת, שסידר את הקבלה למערכת תיאולוגית סדורה ובנה גישה מוסרית לחיקוי האל.",עיצוב שיטתי של הקבלה והפיכתה לדרך תיקון מוסרית מעשית של האדם והעולם.,"רבי שלמה אלקבץ, האר""י, מקובלי צפת",https://open.spotify.com/episode/6eeW3Kknuudy4VEELZmcof?si=up4JT39ST3aTrBpDZlfigw&context=spotify%3Ashow%3A4nrvg1RLAoxg9C0vVYM8qv
57,"חכמי ישראל - הגות, הנהגה והלכה","המהר""ל מפראג – הפילוסוף שחיבר בין השכל למסתורין",1522–1609,פראג (בוהמיה) / מרכז אירופה,ראשית העת החדשה,"הגות, פילוסופיה יהודית, חינוך","מהר""ל, אגדות חז""ל, גוף ונשמה, חינוך, גולם (מיתוס)","הוגה מרכזי שבנה שיטה כוללת על ניגודים, אחדות והבנת מדרש כעולם רעיוני. השפעתו ניכרת בחסידות ובמתנגדים.","שפה פילוסופית־מדרשית שמעניקה עומק לאגדה ולתורה, ומחנכת ללימוד מסודר ובהיר.","הגר""א (השפעות); רמח""ל; חסידות; שיח הגולם (מסורת מאוחרת)",https://open.spotify.com/episode/37eDPuFbb4oSjIRx8U8B88?si=Ism8P_AOQp-KDPtkwNHrsw&context=spotify%3Ashow%3A4nrvg1RLAoxg9C0vVYM8qv
58,אישיות,רבי מרדכי יפה – “בעל הלבוש”,1530–1612,פולין,עת חדשה מוקדמת,הלכה והנהגה ציבורית,"הלבושים, ועד ארבע הארצות, פסיקה, מדע, קבלה, הנהגה","פוסק ומנהיג ששימש בראש ועד ארבע הארצות והוביל תקנות לאומיות. חיבר את 'הלבושים' – קודקס הלכתי מאוזן בין אריכות בית יוסף לקיצור השו""ע, עם מקורות ומנהגים.",הלכה כ'לבוש' למציאות: קודקס יישומי שמאזן בין עומק לנגישות ומשלב אחריות ציבורית רחבה.,ועד ארבע הארצות; מסורת הפסיקה האשכנזית; המשנה ברורה (השענות מאוחרת),https://open.spotify.com/episode/30117xL4w5HtBLLFICQuvM?si=dg_NJOGfSsS8H6-dQOMsSw
59,דמות,רבי אלעזר אזכרי,1533–1600,צפת,ראשונים מאוחרים (צפת),"מוסר, קבלה, פיוט","ספר חרדים, ידיד נפש, סוכת שלום, הרמ""ק, האר""י","מקובל וחבר חוגי צפת, ייסד חבורה לתשובה ודבקות וחיבר את 'ספר חרדים'; פיוטו 'ידיד נפש' נעשה תפילת-לב לדורות.",מיפוי עבודת ה' אישית: כל איבר נעשה כלי לקדושה – 'בתוך לבי משכן אבנה'.,"ר' יוסף קארו; ר' שלמה אלקבץ; הרמ""ק; האר""י",https://open.spotify.com/episode/1z1ZTOGvJvtWOoXPHrXEJZ?si=kb3v2mojRqC92hL5jHnxbw&context=spotify%3Ashow%3A4nrvg1RLAoxg9C0vVYM8qv
60,חכם,"המהרש""א (רבי שמואל אליעזר הלוי איידלס)",1555–1631,פולין,ראשית העת החדשה,"תלמוד, אגדה, הנהגה","ועד ארבע ארצות, חידושי אגדות, מאבק בשחיתות, אחריות ציבורית","פרשן תלמודי ומנהיג חברתי, שעמד בראש ועד ארבע ארצות וחידש גישה המשלבת לימוד עיוני ואחריות מוסרית.",שילוב בין יושר אינטלקטואלי בלימוד לבין מחויבות מוסרית לציבור.,"המהרש""ל, בעלי התוספות, רבני פולין",https://open.spotify.com/episode/1W9x8xBNjO6o82fNd87LFb?si=NS5uo3DvRnWlLdrDNl81Hw&context=spotify%3Ashow%3A4nrvg1RLAoxg9C0vVYM8qv
61,דמות,"רבי יואל סירקיש (הב""ח)",1561–1640,פולין,המאה ה־17,"הלכה, דרש, מנהיגות ציבורית","בית חדש, חדש, דקדוק, ראשונים","בעל 'בית חדש', פוסק אמיץ ועמוק, שהתעקש על לימוד הלכה מהמקורות. שילב בין דרש, למדנות ומנהג, הנהיג את ועד ארבע ארצות.","התנגד לפסיקה שטחית מהשולחן ערוך; דרש עומק, הקשר וניתוח ראשונים בכל פסיקה. פסק להתיר חדש בזמן מצוקה.","הט""ז, הבעל שם טוב",https://open.spotify.com/episode/2owg9vip33cnirUkUc97Gw?si=Uc4XU4lnTdehgUS6H1fzXQ&context=spotify%3Ashow%3A4nrvg1RLAoxg9C0vVYM8qv
62,אישיות,רבי אברהם אזולאי – המקובל שבנה מחדש את עולמות הסוד,1570–1643,פאס; חברון; ירושלים; גזר,עת חדשה,מחשבת ישראל (קבלה),"חסד לאברהם, השגחה, גלות שכינה, קליפות, גלגול, עולם הבא, ארץ ישראל מטפיזית, מוסר דיינים","אזולאי עלה לארץ ישראל ובנה שיטה קבלית סדורה הנשענת על האר""י והרמ""ק. ב""חסד לאברהם"" הוא משרטט מפת מציאות: אין מקרה, אחריות האדם כ""עולם קטן"", גלות השכינה, ותיקון דרך מצוות, גיהנום וגלגול. הוא מדגיש הבחנה מטפיזית בין ארץ ישראל לחו""ל והשפיע רבות דרך החיד""א וצאצאיו.","אין מקרה: מפת מציאות קבלית שמעמידה את האדם כמתקן עולם, וארץ ישראל כמרחב השגחה ישירה.","האר""י; הרמ""ק; החיד""א",https://open.spotify.com/episode/7oZMpwJNWpTibhB6EvhJ6R?si=TkNI-nIPRbi7HQAUkAhk-Q&context=spotify%3Ashow%3A4nrvg1RLAoxg9C0vVYM8qv
63,אישיות,הרב יהודה אריה מודנה – דיוקן של גאונות שנאבקה על עצמה,1571–1648,ונציה; איטליה,עת חדשה,מוסר והגות,"אוטוביוגרפיה, הימורים, התמכרות, פולמוס קבלה, יהודים–נוצרים, הומניזם, ספרות","רבי יהודה אריה מודנה היה רב, דרשן ופולמוסן בגטו ונציה, בעל גאונות לשונית וכתיבה עשירה. לצד מפעל רוחני רחב הוא תיעד בכנות את התמכרותו להימורים ואת נפילותיו באוטוביוגרפיה ""חיי יהודה"". כתביו נעים בין הגנה על המסורת לבין ביקורת חריפה על הקבלה ושיח עם העולם הנוצרי.",יושר רוחני כמודל הנהגה: גאונות לצד חשיפה כנה של חולשה ומאבק פנימי.,קהילת ונציה; פולמוס מול מקובלים; הומניזם נוצרי,https://open.spotify.com/episode/7dCBE5OnROaK58y5cK5tiO?si=4Cr1F3_iTIu6UQbPYdZuyg&context=spotify%3Ashow%3A4nrvg1RLAoxg9C0vVYM8qv
64,דמות,"רבי דוד הלוי סגל (הט""ז)",1586–1667,פולין ולבוב,המאה ה־17,"פסיקה, הנהגה רוחנית, עיון","טורי זהב, מנהגים, רדיפות, ענווה","פוסק חשוב שכתב את טורי זהב, חי חיי נדודים וסבל, עיצב את ההלכה האשכנזית, ונותר דמות נערצת במסורת ובחסידות.","הלכה כחיים – עיונית, רגישה למנהגים, מלאה אמונה. עמל של אמת מתוך סבל וענווה.","הב""ח, הש""ך, הבעל שם טוב",https://open.spotify.com/episode/0xSD9i70yODc67pyeQVP67?si=UxOSZt_ORr2FgKGccLQa6Q&context=spotify%3Ashow%3A4nrvg1RLAoxg9C0vVYM8qv
65,אישיות,"רבי שלום שבזי – המשורר, המקובל, והאיש שעיצב את נשמתה של יהדות תימן",המאה ה־17,"תימן (תעיז, צנעא); גלות מוזע",עת חדשה,פיוט ושירה,"פיוט, קבלה, רמב""ם מול האר""י, הנהגה, גלות מוזע, תרבות תימן, זהות","רבי שלום שבזי היה פייטן ומקובל תימני שפעל בדור של גזרות, עוני וגלות. הוא הוביל את קהילתו גם בשעת משבר, וכתב פיוטי גאולה ותקווה מתוך גלות מוזע. שירתו חצתה גבולות מן התכלאל ומסורת בתי הכנסת ועד המוזיקה הישראלית, והציבה מודל של שילוב נאמנות רמב""מית עם עולם סוד עשיר.","פיוט ככוח הנהגה ותיאולוגיה: שילוב רמב""ם עם עולם הסוד והפיכת גלות לתקווה.","הרש""ש (מסורת); רמב""ם; האר""י; עפרה חזה",https://open.spotify.com/episode/0esvJn3mSqW2Pa26wtwS9Q?si=NHUNxeLRSfak0mYUsSE7Lg&context=spotify%3Ashow%3A4nrvg1RLAoxg9C0vVYM8qv
66,אישיות,"יצחק נוניש בילמונטי (1601–1652) – אנוס בין יהדות לנצרות: פילוסופיה, רפואה וזהות",1601–1652,פורטוגל/הולנד; קהילות אנוסים וספרדים,העת החדשה המוקדמת,היסטוריה; הגות,אנוסים; זהות; פילוסופיה; מדע/רפואה,"יצחק נוניש בילמונטי: אנוס-לשעבר בעולם ההולנדי, מאבק זהות וחיפוש דרך תוך עיסוק בפילוסופיה וברפואה.","זהות כבחירה מודעת: המתח בין מסורת, חירות ומודרניות ניכר במיוחד בסיפורי האנוסים.",קהילות אמסטרדם; אנוסים; פילוסופיה מוקדמת-מודרנית,https://open.spotify.com/episode/6toRtHRX2wPZtF0myPk3lz?si=aSE7j8JyRzKP7GWBwBDhpg&context=spotify%3Ashow%3A4nrvg1RLAoxg9C0vVYM8qv
67,אישיות,הרב יעקב ששפורטש,1610–1698,"צפון אפריקה, אירופה המערבית (אמסטרדם, לונדון, המבורג, ליבורנו)",העת החדשה המוקדמת,פולמוס/הנהגה,"שבתאות, משיחיות שקר, סמכות רבנית, קהילות אירופה",,,,https://open.spotify.com/episode/09JfLsbxRNjLhC969SxOPd?si=zTKhNkZ7T8qiI1akCdsAvg&context=spotify%3Ashow%3A4nrvg1RLAoxg9C0vVYM8qv
68,דמות,"רבי שבתאי הכהן (הש""ך)",1622–1663,פולין,המאה ה־17,"הלכה, חושן משפט, ביקורת מקורות","שפתי כהן, יורה דעה, תקפו כהן, מחלוקת","פוסק גאון שדרש פתיחה מחודשת של ההלכה, עימת את המקובל, חידש בעיון, וספריו הפכו יסוד ללימוד ולפסיקה עד היום.",הלכה כעיון פתוח ולא כקובץ סגור; עקרונות חדשניים בדיני ממונות וספקות.,"הט""ז, מגיני שלמה, מגלה עמוקות",https://open.spotify.com/episode/0zeTxQVV4ZhQFYYST2sO12?si=VkLYDLcgSGiq1Hem1oVH3A&context=spotify%3Ashow%3A4nrvg1RLAoxg9C0vVYM8qv
69,דמות,רבי אברהם אבלי גומבינר (המגן אברהם),1637–1682,פולין,המאה ה־17,"פסיקה הלכתית, קבלה","מגן אברהם, אורח חיים, זמני היום, קבלה בהלכה","פוסק חשוב שפרשנותו לשולחן ערוך אורח חיים התקבלה להלכה. שילב קבלה בפסיקה, וזמני היום ההלכתיים נמדדים לפיו.",שילוב עומק קבלי בהלכה פסוקה; פסיקה קצרה וברורה בעלת השפעה לאורך הדורות.,"שולחן ערוך, משנה ברורה, האר""י",https://open.spotify.com/episode/5fzAXAiCnkg42WFvOV2dci?si=UzPH-NcdRK6VRcexsgW4Xw&context=spotify%3Ashow%3A4nrvg1RLAoxg9C0vVYM8qv
70,אישיות,רבי יהודה רוזאניס (1657–1727) – המשנה למלך: עיון תלמודי ופילוסופיית ההלכה,1657–1727,קושטא (האימפריה העות'מאנית),העת החדשה המוקדמת,הלכה,"עיון ברמב""ם; כללים; שיטת לימוד; לוגיקה הלכתית","ר' יהודה רוזאניס, בעל 'משנה למלך': בניית מהלכים לוגיים על הרמב""ם, בירור שיטות הראשונים והשפעה עמוקה על דרך הלימוד.",ההלכה כחכמה שיטתית: לא רק פסיקה מעשית אלא מתודולוגיה שמבררת עקרונות ומבנים.,"הרמב""ם; ר' יוסף קארו; חכמי קושטא",https://open.spotify.com/episode/7t6gGWYs89onoEkBkBmXhI?si=HqdXHU58RkaJhWfSDcGv9g&context=spotify%3Ashow%3A4nrvg1RLAoxg9C0vVYM8qv
71,אישיות,רבי משה חגיז – הקנאי הירושלמי שניסה להציל את היהדות מן הקריסה הפנימית,1671–1750,ירושלים; איטליה; אמסטרדם; אירופה,עת חדשה,פסיקה והנהגה קהילתית,"אחר שבתאות, פולמוס, סמכות חכמים, גבולות קבלה, השכלה, לקט הקמח","חגיז פעל לאחר טראומת השבתאות כקנאי-אחראי להצבת גבולות מול מה שראה כהתפוררות המסורת. משבר אישי הוביל אותו להתמסר לכתיבה ולפולמוס, ולעימותים שהדהדו בקהילות אירופה. ב""לקט הקמח"" ביקש לשרטט סדר מחודש ולהחזיר סמכות הלכתית מרכזית, גם במחיר של קיטוב ומחלוקת.",קנאות כאחריות: שרטוט גבולות כדי למנוע קריסה רוחנית אחרי שבתאות – במחיר גבוה.,"נחמיה חיון; החכם צבי; הרמח""ל; ר' יונתן אייבשיץ",https://open.spotify.com/episode/2kCpBIWS1B2NtObhJemSdG?si=CHbvRGp1RkW_Lj5w4HGnsQ&context=spotify%3Ashow%3A4nrvg1RLAoxg9C0vVYM8qv
72,אישיות,הרב אפרים נבון (1677–1735) – מחנה אפרים: עקרונות פסיקה וסדרי קניינים,1677–1735,איזמיר/קושטא,העת החדשה המוקדמת,הלכה,דיני ממונות; קניינים; כללים; שיטת פסיקה,"הרב אפרים נבון, בעל 'מחנה אפרים': סידור עקרונות בדיני קניינים וממונות, בירור שיטות ראשונים והעמדת מערכת כללים בהירה.",דיוק בשורש הסוגיה: פסיקה חזקה נבנית מהבנת מבנה הדין ולא רק מצבירת מקורות.,חכמי איזמיר; ר' יוסף קארו; ר' יהודה רוזאניס,https://open.spotify.com/episode/2mIWzXSez8GJIqoh92VTlU?si=GLObL8P3QK6P97v54HuMnQ&context=spotify%3Ashow%3A4nrvg1RLAoxg9C0vVYM8qv
73,"חכמי ישראל - הגות, הנהגה והלכה","רבי ישראל יעקב אלגאזי – הראשון לציון שחיבר בין קבלה, הלכה ומנהיגות ציבורית",1680–1756,איזמיר / ירושלים,אחרונים,"הלכה, קבלה, הנהגה","בית אל, ראשון לציון, תקנות קהל, שלמי ציבור, אהבת שלום",ראש ישיבת בית אל ומנהיג ירושלים; חיבר עשרות ספרים ושילב אחריות ציבורית עם עומק קבלי.,"תורה שמחברת בין נגלה לנסתר ובין בית מדרש לרווחת הקהילה (""דרוש לאלבשה"").",ישיבת בית אל; חמדת ימים (פולמוס); חכמי ירושלים,https://open.spotify.com/episode/3CL54iYhfjNTz1KREt1aJk?si=gqAxPt4HTiW3pe6a4HVETQ&context=spotify%3Ashow%3A4nrvg1RLAoxg9C0vVYM8qv
74,אישיות,"הרב יעקב עמדין (יעב""ץ)",1697–1776,גרמניה/אשכנז,העת החדשה,הלכה ופולמוס,"מאבק בשבתאות, לשון חריפה, חכמות כלליות, אוטוביוגרפיה",,,,https://open.spotify.com/episode/1beLl51NE2qBVK8f7hj2Qm?si=wTuZj6lgSkqYtfguLluJ2Q&context=spotify%3Ashow%3A4nrvg1RLAoxg9C0vVYM8qv
75,"חכמי ישראל - הגות, הנהגה והלכה",רבי משה דוד ואלי (הרמ״ד ואלי),1697–1777,"פדובה, איטליה",עת חדשה מוקדמת,קבלה/פרשנות מקרא,"פשוטו מכוון אל סודו, רמח״ל, כתבים גנוזים",רופא מוסמך וחבר קרוב של הרמח״ל. פיתח שיטת פרשנות: הפשט עצמו רומז לסוד בכל שינוי דקדוקי/לשוני.,מיפוי לשון המקרא למבנה הספירות; דחיית חכמות חיצוניות כתחליף; מפעל פירושים עצום שנחשף רק בדורות האחרונים.,הרמח״ל; חוג פדובה; הדפסת כתבים בדורנו,https://open.spotify.com/episode/6Sc3CiYpTfV68Ke8SueReD?si=h9wPw1yJRPyJLvugKTfUYw&context=spotify%3Ashow%3A4nrvg1RLAoxg9C0vVYM8qv
76,אישיות,ר׳ אריה־לייב גינצבורג – “שאגת אריה”,בערך 1695–1785,מזרח אירופה / מץ (צרפת),עת חדשה,פסיקה ועיון תלמודי,"אורח חיים, חריפות, פשט, עצמאות, ביקורת מקרא (תורת הבחינות)","גאון תלמודי ופוסק עצמאי שחי בעוני ונדודים, התנגש בממסד ולא פחד לחלוק. ספרו 'שאגת אריה' נעשה אבן יסוד בפסיקת אורח חיים וחיבוריו נלמדים בעומק.",אמת הלכתית ללא פשרות: דיוק במקורות הראשונים ועצמאות פסיקה – גם במחיר של בדידות ציבורית.,השפעה מאוחרת על הרב מרדכי ברויאר (תורת הבחינות); הערכה בחב״ד,https://open.spotify.com/episode/4tSyrs2SrcNd1WsVBoHZuh?si=fQD3_QT6TqqaEDMyoYR9bw
77,אישיות,רבי אברהם גרשון מקיטוב (1701–1761) – גיס הבעל שם טוב: עלייה לארץ וחסידות מוקדמת,1701–1761,אוקראינה/פולין; ארץ ישראל (ירושלים),העת החדשה,חסידות,"חסידות מוקדמת; עלייה לא""י; קשרי תפוצות-א""י","ר' אברהם גרשון מקיטוב, גיס הבעש""ט: עלייה לארץ ישראל, שליחות רוחנית וקשרי מכתבים שמאירים את ראשית החסידות.",ארץ ישראל כמרחב תיקון: החסידות מבקשת להוריד קדושה למציאות ולמקום.,הבעל שם טוב; עליות חסידים; היישוב הישן,https://open.spotify.com/episode/01xz5zTGvWoVr0m2bHTWV2?si=5ZHa0PwJRQKaQBmOtAuQ7g&context=spotify%3Ashow%3A4nrvg1RLAoxg9C0vVYM8qv
78,"חכמי ישראל - הגות, הנהגה והלכה",רבי משה חיים לוצאטו (הרמח״ל),1707–1746,פדובה → אמסטרדם → עכו,עת חדשה מוקדמת,קבלה/מוסר/הגות,"מסילת ישרים, דרך ה׳, דעת תבונות, רדיפות",גאון צעיר שעמד במחלוקות וחרמות. 'מסילת ישרים' הפך לספר יסוד במוסר; כתב שיטה היסטוריוסופית קבלית-פילוסופית.,הקבלה כמפת הנהגה וגאולה; בניית סולם רוחני מדויק; קדושה כחדירה למציאות ולא בריחה ממנה.,הגר״א; תנועת המוסר; חסידות; הרב קוק,https://open.spotify.com/episode/1lgKTjkSyrd7SAntCbBGTt?si=d3xfY-AJQIus5TcYmC6Ftw&context=spotify%3Ashow%3A4nrvg1RLAoxg9C0vVYM8qv
79,אישיות,הרב יחזקאל לנדא – “הנודע ביהודה”,1713–1793,פראג (בוהמיה),עת חדשה,פסיקה והנהגה קהילתית,"שו""ת, שבתאות, חסידות, השכלה, קבלה (זהירות), הנהגה","גדול פוסקי פראג שניצב מול שבתאות, השכלה וחסידות. הכריע באומץ בסוגיות עקרוניות, הנהיג בקור רוח בזמן משברים, ושילב מאבק בכפירה עם אחריות ציבורית.",מנהיגות הלכתית אסטרטגית: לדעת מתי להילחם בגלוי ומתי לרסן כדי לשמור על אחדות הקהילה.,מריה תרזה; יוזף השני; הערכה גם בחוגים חסידיים,https://open.spotify.com/episode/4EJ2FNYaB1FdSuKMRkfonR?si=123rhSTsT6Wga_7NA8Xp_A&context=spotify%3Ashow%3A4nrvg1RLAoxg9C0vVYM8qv
80,דמות,הנודע ביהודה (הרב יחזקאל לנדא),1713–1793,פראג,עת חדשה,"פסיקה, מנהיגות קהילתית","שאלות ותשובות, פסיקה אשכנזית, נאורות, ביקורת השכלה","פוסק מרכזי במזרח אירופה, מחבר 'נודע ביהודה'. עמד מול אתגרי ההשכלה תוך שימור מסורת הלכתית מחודדת.",הקפדה על מסורת ההלכה לצד התמודדות עם אתגרי הזמן מתוך אחריות ציבורית.,"הרב דוד אופנהיים, חכמי פראג",https://open.spotify.com/episode/4EJ2FNYaB1FdSuKMRkfonR?si=123rhSTsT6Wga_7NA8Xp_A&context=spotify%3Ashow%3A4nrvg1RLAoxg9C0vVYM8qv
81,אישיות,"הרב שלום שרעבי (הרש""ש)",1720–1777,תימן; ירושלים,עת חדשה,מחשבת ישראל (קבלה),"סידור הרש""ש, בית אל, כוונות, חסד","הרש""ש סידר את תורת האר""י למערכת מדויקת והפך למנהיג הקבלה בירושלים.",,,https://open.spotify.com/episode/5yAibZuXCCCzAlCFiWICRS?si=TTjCoGAwR2i8jrOSJ3N9XA&context=spotify%3Ashow%3A4nrvg1RLAoxg9C0vVYM8qv
82,אישיות,רבי אריה לייב הלר (1745–1812) – קצות החושן: לוגיקה הלכתית ועמקות למדנית,1745–1812,גליציה,העת החדשה,הלכה; לומדות,דיני ממונות; קניינים; סברות; מתודולוגיה למדנית,"בעל 'קצות החושן' כמחדש לומדות: דיוק מושגים בדיני ממונות, טיעון חד והשפעה עצומה על עולם הישיבות.",לוגיקה פנימית של ההלכה: בירור הגדרים יוצר בהירות משפטית ומוסרית גם יחד.,נתיבות המשפט; ר' יעקב לורברבוים,https://open.spotify.com/episode/0HSuP49BFeLukQQnSTadlP?si=BhHUf-NhRVGLcQbRUf_ASA&context=spotify%3Ashow%3A4nrvg1RLAoxg9C0vVYM8qv
83,דמות,הרב אברהם דנציג,1748–1820,וילנה,המאה ה־18,פסיקה הלכתית,"חיי אדם, חכמת אדם, הלכה למעשה, יהדות ליטא","פוסק ומחבר 'חיי אדם' ו'חכמת אדם'. חיבר מדריכים ברורים ומעשיים להלכה עבור בעלי בתים, מתוך ניסיון אישי כאדם עובד.","שיטת הלכה נגישה לפי כללים, הבחנות בין דרגות חיוב, והפרדה בין ספרי עיון להלכה מעשית.","הגאון מווילנה, בעלי בתים בליטא",https://open.spotify.com/episode/182iEVeFAwTuBZxYCYbdIX?si=r_xpL1yFSQmWZxpxnNEnkA&context=spotify%3Ashow%3A4nrvg1RLAoxg9C0vVYM8qv
84,"חכמי ישראל - הגות, הנהגה והלכה",רבי חיים מוולוז'ין – מייסד 'אם הישיבות' ו'נפש החיים',1749–1821,וולוז'ין (ליטא),אחרונים,"למדנות, הנהגה, מוסר","וולוז'ין, נפש החיים, הגר""א, עולם הישיבות, תלמוד תורה","תלמיד הגר""א ומייסד ישיבת וולוז'ין. ב'נפש החיים' מציג תיאולוגיה של תורה כמנוע קוסמי וכמודל דבקות.",תלמוד תורה ככוח מחזיק מציאות; דבקות דרך עיון ושיטה מוסדית של ישיבה מודרנית.,"הגר""א; עולם הישיבות הליטאי; פולמוס החסידות",https://open.spotify.com/episode/4doQLfwiMgf2moAjnxiX0V?si=dVrHxoWnRwuydUMeaUTJIg&context=spotify%3Ashow%3A4nrvg1RLAoxg9C0vVYM8qv
85,דמות,מנחם מנדל לפין (מסאטנוב),1749–1826,גליציה/פודוליה (מזרח אירופה),השכלה מוקדמת,"מוסר, השכלה דתית","חשבון הנפש, בנג'מין פרנקלין, תנועת המוסר, ישראל סלנטר, רציונליזם","משכיל-רב שגיבש שיטה מעשית לתיקון מידות דרך יומן מוסרי יומי, והשפיע עמוקות על תנועת המוסר דרך מהדורת ר' ישראל סלנטר.",עבודת מידות שיטתית ומדידה (יומן תכונות יומי) כדרך 'השכלה דתית' מתונה ונאמנה לתורה.,משה מנדלסון; בנג'מין פרנקלין; ר' ישראל סלנטר,https://open.spotify.com/episode/7rCLKRa5bSuYAhNFZpUjV5?si=uO6ACKurRmCB2U8SxrbFVw&context=spotify%3Ashow%3A4nrvg1RLAoxg9C0vVYM8qv
86,אישיות,הרב עקיבא איגר,1762–1837,פוזנא; מרכז אירופה,עת חדשה,הלכה ולמדנות,"גיליון הש""ס, למדנות, ענווה, מגפת כולרה, פוסקי הדור",רבי עקיבא איגר ביסס את שיטת ההערות הדקות והעיון האנליטי ששינה את פני עולם הישיבות.,,,https://open.spotify.com/episode/6u60Ab2ZLOPQjjIcY4kwBC?si=kZNrKNSbQW6E2fT4fOqDcw&context=spotify%3Ashow%3A4nrvg1RLAoxg9C0vVYM8qv
87,דמות,"החת""ם סופר (הרב משה סופר)",1762–1839,פרשבורג,העת החדשה,"פסיקה, אורתודוקסיה, הנהגה ציבורית","אורתודוקסיה, נגד רפורמה, חדש אסור, פרשבורג","אבי האורתודוקסיה המודרנית, התנגד לרפורמה בחריפות. קבע את עקרון 'חדש אסור מן התורה' כאידאולוגיה כוללת.",שמרנות כתגובה מהותית למודרנה; חיזוק המסורת והמנהג כנגד התמוססות זהות יהודית.,"חכמי הונגריה, תלמידי החת""ם סופר",https://open.spotify.com/episode/5XBxxBUWyu9fKUK69gjQgx?si=jGHcOuMJRueRd-4pVHXnAw&context=spotify%3Ashow%3A4nrvg1RLAoxg9C0vVYM8qv
88,דמות,"רבי חיים פלאג'י (החבי""ף)",1787–1868,איזמיר (האימפריה העות'מאנית),אחרונים (ספרד/המזרח),"הלכה, הנהגה קהילתית, מוסר וקבלה","חכם באשי, תקנות חברתיות, חינוך חובה, כף החיים, מועד לכל חי, שלום בית","פוסק ומנהיג שהקים מוסדות צדקה וחינוך, תיקן תקנות קהילתיות, והותיר מפעל כתיבה עצום למרות אובדן כתבי יד בשריפה.","הלכה כמנהיגות חברתית: מוסר, שלום וחינוך כמערכת ציבורית מחייבת.",חכמי איזמיר; מסורת ספרד-עות'מאנית,https://open.spotify.com/episode/2ugZ7lWueXQOsEw2z6Va03?si=uGYNbEy9TBqKfyCjewOVTA&context=spotify%3Ashow%3A4nrvg1RLAoxg9C0vVYM8qv
89,דמות,הרב יהודה ביבאס,1789–1852,גיברלטר/קורפו → ארץ ישראל (חברון),אחרונים (מבשרי הציונות),"הגות לאומית, הנהגה, ציונות מוקדמת","גאולה טבעית, אתערותא דלתתא, חרב ומחרשה, יהודה אלקלעי","רב והוגה שקידם גאולה במעשה ידי אדם, הושפע מרוח הלאומיות של זמנו וקרא להתעוררות לאומית-מדינית; השפיע על תלמידו ר' יהודה אלקלעי.",תשובה כ'שיבה פוליטית' – מעבר מציפייה פסיבית לפעולה היסטורית.,ר' יהודה אלקלעי; מלחמת העצמאות היוונית; מיסיונרים סקוטים (עדויות),https://open.spotify.com/episode/2DXKB6Zr62zP0VwCytZznO?si=3oZy0WJVRzK3iAy4gJgOhw&context=spotify%3Ashow%3A4nrvg1RLAoxg9C0vVYM8qv
90,אישיות,הרב צבי הירש קלישר – ציונות דתית לפני הרצל,1795–1874,פרוסיה / ארץ ישראל (חזון),עת חדשה מאוחרת,הגות ציונית-דתית והלכה,"גאולה בדרך הטבע, יישוב הארץ, חקלאות, קורבנות בלי בית, מדיניות","פוסק שמרן שניסח תוכנית מעשית לגאולה: עלייה, חקלאות ובניין הארץ “מעט מעט”. הציע מהלכים הלכתיים נועזים (כגון דיון בחידוש קורבנות) ופעל מול נדבנים ומעצמות.",גאולה קמעא קמעא: אחריות אנושית כמצווה – יוזמה לאומית ללא ניתוק מן ההלכה.,מונטיפיורי; רוטשילד; נפוליאון השלישי; 'דרישת ציון',https://open.spotify.com/episode/7CWcx0r0X5jRyzuRCBPBDh?si=gf7x1W04SsWqd3iA4wjpMQ
91,דמות,הרב צבי הירש קלישר,1795–1874,"גרמניה, פולין",העת החדשה,"ציונות דתית מוקדמת, הגות הלכתית","גאולה טבעית, הקרבת קורבנות, התיישבות בארץ","מהוגי הציונות הדתית המוקדמת, קרא ליישוב הארץ והקרבת קורבנות טרם ביאת המשיח.",מהלך גאולה טבעי-אנושי כהשתדלות הכרחית בגאולה.,"הרב אלקלעי, הרב קוק",https://open.spotify.com/episode/7CWcx0r0X5jRyzuRCBPBDh?si=gf7x1W04SsWqd3iA4wjpMQ
92,אישיות,הרב יהודה אלקלעי – תשובה שהופכת לתוכנית לאומית,1798–1878,הבלקן,עת חדשה מאוחרת,הגות ציונית-דתית,"תשובה כללית, שיבה לארץ, דיפלומטיה, שפה עברית, אחדות","הוגה ציוני-דתי מוקדם שמפרש 'תשובה' כתהליך לאומי: שיבה לארץ היא עצמה הגאולה. מציע תכנית פעולה: חברות כלכליות, יוזמות מדיניות ואחידות לאומית סביב עברית וזהות אחת.",תשובה כללית = שיבה: אחריות היסטורית עוברת מן השמיים לאדם ולציבור.,קשר רעיוני למשפחת הרצל (כפי שנרמז בטקסט); מבשרי חיבת ציון,https://open.spotify.com/episode/6GD0RxzoBaG17nmaGA9pe9?si=qeIXN4iwRIWsOjztQ5cWoQ
93,דמות,הרב יהודה אלקלעי,1798–1878,"סרביה, ירושלים",עת חדשה,"ציונות, קבלה, דרשנות","ציונות דתית, גאולה, משיח בן יוסף, יישוב הארץ",מראשוני ההוגים שראו בתנועה הציונית אתחלתא דגאולה. חיבר ספרים שקראו לעלייה ולתחייה רוחנית.,מהלך גאולי הדרגתי מלווה בהשתדלות מעשית – קירוב משיח בן יוסף.,"הרב צבי הירש קלישר, הרב קוק",https://open.spotify.com/episode/6GD0RxzoBaG17nmaGA9pe9?si=qeIXN4iwRIWsOjztQ5cWoQ
94,אישיות,"שד""ל – הלוחם האחרון של היהדות הרגשית מול כיבוש השכל היווני",1800–1865,פאדובה; איטליה,עת חדשה מאוחרת,פרשנות מקרא ולשון,"חכמת ישראל, פרשנות מקרא, פילולוגיה, רציונליזם, אמונה, חמלה, ביקורת יוון","שד""ל טען שהיהדות האותנטית היא דת של חמלה ואמונה ולא של שכל קר, ובנה מפעל מדעי (לשון, מקרא, ביקורת טקסט) כדי להגן על חיות המסורת. הוא נאבק בחוגי חכמת ישראל שנראו לו כמי שהופכים יהדות לארכיאולוגיה, ותקף את הכנסת ""חכמת יוון"" ליהדות. כאב חייו חיזק אצלו את עליונות האמונה והמעשה הטוב.",הגנה על יהדות של חמלה ואמונה מול רציונליזם קר – באמצעות מחקר מקרא ולשון.,"חכמת ישראל; רמב""ם; ראב""ע; שפינוזה",https://open.spotify.com/episode/03tAgaC9jfaMhMJ2rvW4uF?si=cgIj0F37SiKtDyDT85ZqKA&context=spotify%3Ashow%3A4nrvg1RLAoxg9C0vVYM8qv
95,דמות,"הרב צבי הירש חיות (מהר""ץ חיות)",1805–1855,גליציה,אחרונים (גליציה/השכלה),"תורה שבעל פה, הגנה על המסורת, מתודולוגיה","מנחת קנאות, תורת נביאים, אמנציפציה, גשר מסורת-מחקר","גדול תורה בגליציה שניסה לגשר בין מחקר זהיר לבין נאמנות מוחלטת לתורה שבעל פה, ובנה שפה של הגנה אינטלקטואלית על המסורת.",גשר נאמן: פתיחות דעת המשרתת אמונה – לא מחליפה אותה.,"חת""ם סופר; שלמה קלוגר; נחמן קרוכמל (רנ""ק)",https://open.spotify.com/episode/7qsdQhzQdtrX80wVbwkfmZ?si=S2DwwGzBRYmlghp2mIL60w&context=spotify%3Ashow%3A4nrvg1RLAoxg9C0vVYM8qv
96,דמות,רבי יעקב אבוחצירא,1806–1880,מרוקו,העת החדשה,"קבלה, הלכה, הנהגה קהילתית","אביר יעקב, תאפילאלת, פיוט, מקובל, שושלת אבוחצירא","מקובל ופוסק בולט ממרוקו, מנהיג רוחני שנודע בפרישותו ובגדלותו בתורה. השפעתו ניכרת עד היום בשושלת אבוחצירא.",חיבור בין קבלה להלכה מתוך ענווה; תיקון אישי וחברתי כתכלית התורה.,"הבבא סאלי, מקובלי מרוקו",https://open.spotify.com/episode/2Er963loo0uKztvzqzvPlA?si=jw2lJSVATzmaKrJ6oEV_mA&context=spotify%3Ashow%3A4nrvg1RLAoxg9C0vVYM8qv
97,חכם,רבי ישראל מסלנט,1810–1883,ליטא,העת החדשה,"מוסר, חינוך","תנועת המוסר, קלם, סלבודקה, נובהרדוק","מייסד תנועת המוסר, הציב את העבודה הפנימית בלב החיים התורניים, ראה במידות יסוד התשובה.",הבחנה פסיכולוגית בין השכל לרגש – רק דרך מוסר ועבודה פנימית משתנה האדם.,"תלמידי קלם, נובהרדוק",https://open.spotify.com/episode/6SEbHVgsFhOJsCIvwTInSY?si=zzR5DmxLSuOfE7S1j6rFIw&context=spotify%3Ashow%3A4nrvg1RLAoxg9C0vVYM8qv
98,הגות,אדולף פראנק – הקבלה כפילוסופיה דתית,1810–1893,גרמניה,העת החדשה,"קבלה, פילוסופיה, תולדות הדתות","קבלה, פילוסופיה, הדתות, גרמניה, חקר היהדות",משכיל גרמני שביקש להנגיש את תורת הקבלה כתיאולוגיה פילוסופית עמוקה – לא מיסטיקה נחותה.,הקבלה כצורת חשיבה מטאפיזית שיש לה משמעות אוניברסלית דתית.,"שלמה מונק, משה מנדלסון, תלמידי שפינוזה",https://open.spotify.com/episode/5qiFDQTROpb7v21w4imqIE?si=N2J3HnklTRW2Gm-BmT4SFA&context=spotify%3Ashow%3A4nrvg1RLAoxg9C0vVYM8qv
99,חכם,"המהרי""ל דיסקין",1818–1898,"ליטא, ירושלים",העת החדשה,"הלכה, הנהגה חרדית","בריסק, בית היתומים דיסקין, פולמוס השמיטה, התבדלות קהילתית","מייסד דגם ההנהגה החרדית בירושלים, מתנגד חריף להשכלה, פעל להקמת מוסדות תורה וחברה.","בניית אוטונומיה חרדית, שילוב של תקיפות פסיקתית עם בניית מוסדות תומכים.","הרבנית סוניה דיסקין, בית בריסק",https://open.spotify.com/episode/6Bp9QqhUSS3A8y5iZkBU55?si=27mj_nOFTUubLTBLgsGHfQ&context=spotify%3Ashow%3A4nrvg1RLAoxg9C0vVYM8qv
100,אישיות,הרב צדוק הכהן מלובלין – המיסטיקן האינטלקטואלי,1823–1900,ליטא / לובלין,עת חדשה מאוחרת,חסידות והגות,"ספק כתנאי לתורה, תשובה, חטא וזכות, תורה שבעל פה, איזביצא","עילוי ליטאי שנהפך לחסיד בעקבות מפגש עם ר׳ מרדכי יוסף מאיז׳ביצא. מציע תיאולוגיה שבה תורה שבעל‑פה היא התגלות מתמשכת דרך מאבק אנושי, וספק הוא תנאי לגילוי עמוק.",הנפילה כחלק מהמהלך: חטא ותשובה נקראים לאחור כחלק מרצון ה׳; הסכנה האמיתית היא ייאוש.,ר׳ מרדכי יוסף מאיז׳ביצא; הרב דסלר; הרב הוטנר,https://open.spotify.com/episode/6DLhfveOXBJupYoYqgceWx?si=zrPEwB1LQjua2OW_BkVXPw&context=spotify%3Ashow%3A4nrvg1RLAoxg9C0vVYM8qv
101,אישיות,"אליהו בן אמוזג – ההוגה שדחו הדורות, אך רעיונו התגלה כגדול מדורותיו",1823–1900,ליבורנו; איטליה,עת חדשה מאוחרת,מוסר והגות,"קבלה, פילוסופיה מודרנית, קאנט, הגל, שפינוזה, דרווין, בני נח, אוניברסליות","בן אמוזג הציג את הקבלה כלב היהדות וכמערכת שמסוגלת לפרש ולבקר את המודרנה (משפינוזה ועד קאנט ודרווין). הוא ניסח חזון דו-קומתי: ישראל כשומר תורת משה ותורת בני נח כיעד אוניברסלי לאנושות. אף שנדחה בין מחנות, בדורות האחרונים נחשף מחדש כמציע מודרנה של שילוב ולא של ניתוק.",קבלה כאוניברסליות יהודית: חיבור מסורת סוד עם פילוסופיה מודרנית וחזון בני נח.,"שפינוזה; הגל; קאנט; דרווין; שד""ל",https://open.spotify.com/episode/66ocgEWzF0dAp3RmcvYSAn?si=kkTXOdjtTHi39U7Ohf1yTg&context=spotify%3Ashow%3A4nrvg1RLAoxg9C0vVYM8qv
102,דמות,הרב צדוק הכהן מלובלין,1823–1900,פולין,עת חדשה,"קבלה, חסידות, הגות","חסידות, קבלה, דרוש, תיקון, חדשנות","מההוגים המקוריים בחסידות, חיבר את 'צדקת הצדיק' וחיבורים נוספים המשלבים עומק רעיוני עם חיפוש אישי.",הרע במקורו הוא הכנה לטוב; התשוקה היא מנוע לתיקון.,"הרבי מאיזביצה, תלמידי קוצק",https://open.spotify.com/episode/6DLhfveOXBJupYoYqgceWx?si=zrPEwB1LQjua2OW_BkVXPw&context=spotify%3Ashow%3A4nrvg1RLAoxg9C0vVYM8qv
103,אישיות,הרב שמואל מוהליבר – מנהיג דתי ומבשר הציונות,1824–1898,מזרח אירופה / ארץ ישראל (מפעל היישוב),עת חדשה מאוחרת,מנהיגות ציונית-דתית,"חיבת ציון, אחדות דתיים-חילונים, היתר מכירה, התיישבות","מנהיג חיבת ציון שהבין שהשיבה לארץ היא משימה מעשית. יצר גשר בין דתיים לחילונים, פעל עם רוטשילד להקמת מושבות, ותמך בהיתר מכירה בפולמוס השמיטה כדי להציל את ההתיישבות.",ברית ציבורית רחבה כצורך גאולי: אחדות בין כוחות שונים בעם כדי לבנות מציאות.,הרצל (כינויו בטקסט); הרב קוק (הספד); רוטשילד; מזכרת בתיה,https://open.spotify.com/episode/5T2FtQnfoEkvsFnCYyFBcQ?si=B9g6mdr7TtqbzlQnC1gTMA
104,דמות,הרב שמואל מוהליבר,1824–1898,פולין,העת החדשה,"ציונות דתית, רבנות, הנהגה ציבורית","חובבי ציון, פועלי אגודת ישראל, הנהגה רוחנית","מרבני תנועת חובבי ציון, חיפש דרך לשלב מסורת עם תחייה לאומית. עודד התיישבות יהודית בארץ.",השתלבות הציונות במסגרת ההלכה כמחויבות דתית ולאומית.,"הרב קלישר, הרב אלקלעי, הרצל",https://open.spotify.com/episode/5T2FtQnfoEkvsFnCYyFBcQ?si=B9g6mdr7TtqbzlQnC1gTMA
105,אישיות,ר׳ יחיאל מיכל הלוי אפשטיין – “ערוך השולחן”,1829–1908,נובהרדוק (מזרח אירופה),עת חדשה מאוחרת,פסיקה קהילתית,"הלכה למעשה, מנהג, מודרנה, עוני, אנטישמיות, משנה ברורה","רב קהילה שפסק מתוך 'מבט מן החלון': להבין קודם את חיי האנשים ואז לחזור למקורות. כותב קודקס בהיר ושיטתי עם נטייה לאשש מנהגים ולהקל כשצריך, מול משברי תקופה.",פסיקה מציאותית נאמנה למסורת: דיאלוג אמיץ בין טקסט לחיים במקום חומרות מנותקות.,בעל המשנה ברורה (השוואה בטקסט); ברוך הלוי אפשטיין (תורה תמימה),https://open.spotify.com/episode/1reKfnLOTfoSzBHRhzGMbe?si=g78LXL5_Q12g6IpvjyRTMQ&context=spotify%3Ashow%3A4nrvg1RLAoxg9C0vVYM8qv
106,דמות,ערוך השולחן (הרב יחיאל מיכל אפשטיין),1829–1908,"נובהרודוק, רוסיה",המאה ה־19,"פסיקה, הלכה מערכתית","הלכה, ערוך השולחן, שיטתיות, סמכות רבנית",מחבר סדרת ספרי ההלכה 'ערוך השולחן' שפרשו את כל השולחן ערוך בגישה חדשנית ומסכמת.,"הצגת ההלכה כישות חיה, עכשווית, ובעלת סמכות מתוך שורשיה.","הרב יוסף קארו, שולחן ערוך",https://open.spotify.com/episode/1reKfnLOTfoSzBHRhzGMbe?si=g78LXL5_Q12g6IpvjyRTMQ&context=spotify%3Ashow%3A4nrvg1RLAoxg9C0vVYM8qv
107,אישיות,הרב יוסף חיים מבגדאד – “בן איש חי” (לא מה שחשבתם),1835–1909,בגדאד,עת חדשה מאוחרת,"הלכה, קבלה והגות חברתית","ביקורת חברתית, מעמדות, טנזימאט, פסיקה, פיוט, קבלה","דמות רב-פנים: מגדולי פוסקי המזרח וגם הוגה חברתי. לאחר משבר אישי וכלכלי פיתח שפה שמחברת תורה למציאות של יחסי כוח, ומעניקה לעניים ידע מוסרי ייחודי.",תורה כפרשנות חברתית: הפסיקה והדרשה חושפות עוולות ומחייבות אחריות מוסרית – בלי לוותר על עומק הלכתי וקבלי.,רפורמות הטנזימאט; דיון מודרני על שוויון וזהות; מסורת יהדות בבל,https://open.spotify.com/episode/5mA6IjVV5SbxfT0OfQ22Ad?si=-IWNH499SoGWQ6XF5UUQbg&context=spotify%3Ashow%3A4nrvg1RLAoxg9C0vVYM8qv
108,דמות,הבן איש חי (רבי יוסף חיים מבגדד),1835–1909,בגדד,עת חדשה,"פסיקה, קבלה, דרשנות","הלכה, קבלה, דרשות, יהדות מזרח, הבן איש חי","פוסק גדול, מקובל ודרשן נודע מהעולם הספרדי בבגדד, שחיבר את 'בן איש חי' – שילוב של הלכה, אגדה וקבלה.",שילוב בין קבלה להלכה; כתיבה פופולרית נגישה לקהל הרחב עם נופך מוסרי.,"רבי עבדאללה סומך, חכמי בבל",https://open.spotify.com/episode/5mA6IjVV5SbxfT0OfQ22Ad?si=-IWNH499SoGWQ6XF5UUQbg&context=spotify%3Ashow%3A4nrvg1RLAoxg9C0vVYM8qv
109,דמות,החפץ חיים (רבי ישראל מאיר הכהן),1839–1933,"ראדין, ליטא",העת החדשה,"הלכה, מוסר","משנה ברורה, שמירת הלשון, אחריות מוסרית, ענווה","מחבר 'משנה ברורה' ו'חפץ חיים'. שילב בין פסיקה מעשית למוסר הלכתי, והפך לדמות מוסרית מכוננת בעידן מודרני.",הפיכת המוסר להלכה מחייבת. קדושה מעשית שמתחילה בלשון.,"אגודת ישראל, רשת בית יעקב",https://open.spotify.com/episode/4xzoaG2b7YdsCB3rb0aPPf?si=btk5W-gfQRekfBks0sM0yg&context=spotify%3Ashow%3A4nrvg1RLAoxg9C0vVYM8qv
110,"חכמי ישראל - הגות, הנהגה והלכה",רבי מאיר שמחה הכהן מדווינסק,1843–1926,דווינסק (לטביה/ליטא),עת חדשה מאוחרת,הלכה/פרשנות תורה/מחשבה ציונית,"אור שמח, משך חכמה, גלות וזהות, שבועות",מחבר 'אור שמח' ו'משך חכמה'. גשר בין שכל לאמונה ובין גלות לתחייה; ניתוח חריף של היסטוריה יהודית וקדושה.,הגלות כמנגנון זהות; קדושה אינה בחומר אלא ברצון ה׳; ציונות וגאולה בדרך הטבע (בלפור/סן-רמו).,הרמב״ם; הרב קוק; עידן התחייה,https://open.spotify.com/episode/5M242GRqncgReaYVplhjBU?si=kExelQsrSvKhuQj0wk2How&context=spotify%3Ashow%3A4nrvg1RLAoxg9C0vVYM8qv
111,"חכמי ישראל - הגות, הנהגה והלכה",השפת אמת – ההוגה שחיפש את האמת הפנימית,1847–1905,גור (פולין),אחרונים,"חסידות, הגות","שפת אמת, גור, נקודה פנימית, גלות וגאולה, ניצוצות","אדמו""ר גור ומגדולי הוגי החסידות. יצר שפה מיסטית־קיומית על גלות כהסתר וגאולה כגילוי.","""הנקודה הפנימית"" ככלי לעבודת ה' וקריאת המציאות: העלאת אור מתוך חושך.",חסידות גור; שיח חסידי פולין,https://open.spotify.com/episode/2rV5jFlhaSLJasVNdd0rMf?si=WT92_boJSQK5yW0aO6dfLQ&context=spotify%3Ashow%3A4nrvg1RLAoxg9C0vVYM8qv
112,"חכמי ישראל - הגות, הנהגה והלכה",הסבא מנובהרדוק – מהפכת המוסר של 'מדרגת האדם',1850–1919,נובהרדוק (ליטא/רוסיה),אחרונים,"מוסר, חינוך","נובהרדוק, תנועת המוסר, שבירת האגו, תורת הנגיעה, ישיבות בית יוסף",תלמיד ר' ישראל סלנטר ומייסד רשת ישיבות 'בית יוסף'. פיתח שיטה חינוכית רדיקלית של תיקון מידות ותלות מוחלטת בה'.,תרגילי מוסר כמעבדה לנפש: חשיפת מניעים נסתרים ובניית אומץ אמוני מעשי.,רבי ישראל סלנטר; עולם הישיבות; תנועת המוסר,https://open.spotify.com/episode/7gMcU9ypTl2wkJLtZmnT6S?si=vpTwypCqRkGf8W0l2TnEtg&context=spotify%3Ashow%3A4nrvg1RLAoxg9C0vVYM8qv
113,"חכמי ישראל - הגות, הנהגה והלכה",הרב שמואל בורנשטיין – בעל 'שם משמואל',1855–1926,סוכטשוב (פולין),אחרונים,"חסידות, הגות","שם משמואל, אבני נזר, קוצק, אורות מקיפים, עבודת הנפש","אדמו""ר והוגה חסידי מרכזי; דרשותיו משלבות סוד, פסיכולוגיה רוחנית ותיקון המידות.","תפיסת 'מקיפים' והעמקת המבט על רצון פנימי, שגגה ואחדות שאינה מוחקת את הפרט.",אבני נזר; חסידות קוצק; פולין החסידית,https://open.spotify.com/episode/5dTIktS4k7pzb2kSQbqtXB?si=bXYmRr7AQhaDStRXLBq8rg&context=spotify%3Ashow%3A4nrvg1RLAoxg9C0vVYM8qv
114,דמות,הרב יוסף רוזין (הגאון הרוגצ'ובי),1858–1936,רוגצ'וב/דווינסק,אחרונים,"למדנות, רמב""ם, שיטת בריסק-חב""ד","צפנת פענח, רמב""ם, אחדות התורה, דווינסק, חב""ד","חד בדרא' שחי עם ש""ס ורמב""ם, קרא את הרמב""ם כמקשה אחת, וחיבר כלים פילוסופיים להבנת הלכה; כתבי היד ניצלו והונחו ליסוד מפעל הדפסה בדורות הבאים.","קריאת הרמב""ם כ'מערכת-על' המאחדת הלכה, אגדה ועיון מושגי תחת תורה אחת.","הרמב""ם; בעל האור שמח; אדמו""רי חב""ד (רש""ב, ריי""צ, הרבי)",https://open.spotify.com/episode/4aUeMLx5QyMsdp0moTBcDu?si=XC1028bcQJW_6NARhTCvug&context=spotify%3Ashow%3A4nrvg1RLAoxg9C0vVYM8qv
115,דמות,הרב יהודה משה ישועה פתיה,1859–1942,בגדד → ירושלים,אחרונים,"קבלה (האר""י), מוסר והנהגה רוחנית","בן איש חי, עץ חיים, בית לחם יהודה, דיבוקים, תיקון נשמות","תלמיד מסורת בבל שהנגיש את שיטת האר""י בביאור בהיר וכתב חיבורים מרכזיים; נודע גם במסורות תיקון נשמות ובתפילות בתקופת מלחמת העולם השנייה.",לימוד סוד כ'חובה מטהרת' המקרבת גאולה ומגינה על הנפש – גם בלי הבנה מלאה.,"בן איש חי; הרב עבדאללה סומך; מסורת האר""י",https://open.spotify.com/episode/7GkxO9MSNQCoBw1qdYuJVI?si=TKdqBtv2T9OHIX-KnQRRsQ&context=spotify%3Ashow%3A4nrvg1RLAoxg9C0vVYM8qv
116,אישיות,הרב אברהם יצחק הכהן קוק – החזון שאיחד קודש וחול,1865–1935,ארץ ישראל,מודרנה מוקדמת,הגות ציונית-דתית והלכה,"קודש וחול, תשובה היסטורית, ציונות, היתר מכירה, מרכז הרב","הראי""ה קוק ראה במודרנה תהליך אלוהי ובציונות החילונית תנועת תשובה עמוקה. חיפש אחדות בין ניגודים, דיבר על התפתחות, והנהיג הלכתית-לאומית מתוך אחריות ליישוב.",האמת מתגלה במתח בין ניגודים: “הישן יתחדש והחדש יתקדש” – איחוד כוחות במקום מחיקה.,חלוצים; ישיבת 'מרכז הרב'; פולמוס ההיתר בשמיטה,https://open.spotify.com/episode/19vVkCaNfYWm6AlvbjbkRe?si=Y2-7mNX9QnCXzxz32MKpgA
117,אישיות,"הלל צייטלין (1871–1942) – פילוסוף יהודי בין ניטשה לחסידות, שנרצח בשואה",1871–1942,פולין; מזרח אירופה,סוף המאה ה-19–המאה ה-20,מחשבה,מודרנה יהודית; אקזיסטנציאליזם; חסידות; משבר אמונה,"הלל צייטלין: פילוסוף יהודי בין ניטשה לחסידות, מבקר תרבות שחוזר לעומק רוחני; נרצח בשואה.",החיפוש עצמו הוא עבודת ה': להפוך ספק ומודרניות למנוע של תשובה וחידוש רוחני.,"ניטשה; בובר; ברנר; חסידות חב""ד; ספרות יהודית מודרנית",https://open.spotify.com/episode/7ryT3CCkYVR89sx6pICBmo?si=IEVlOTLSSaaPlrd-XpkS1w&context=spotify%3Ashow%3A4nrvg1RLAoxg9C0vVYM8qv
118,אישיות,"הרב כלפון משה הכהן (1874–1950) – רב ג'רבא: הלכה, הנהגה וציונות דתית בצפון אפריקה",1874–1950,ג'רבא (תוניסיה),העת החדשה,הלכה; הנהגה,פסק ספרדי; חינוך; הנהגה קהילתית; ציונות דתית צפון-אפריקאית,"הרב כלפון משה הכהן כרב ג'רבא: כתיבה הלכתית ענפה, אחריות ציבורית, וחיבור בין מסורת מקומית לתודעה לאומית.",הלכה כמנוע הנהגה: קדושה שמתרגמת לערבות קהילתית ולחזון שיבה לציון.,יהדות תוניסיה; רבני ג'רבא; הגות ציונית דתית,https://open.spotify.com/episode/2WY3JhyOz8yQg0Sjmv7CJV?si=j3_e_mVVT86419nMjA2cgQ&context=spotify%3Ashow%3A4nrvg1RLAoxg9C0vVYM8qv
119,דמות,הרב יצחק אלפייה,1878–1955,"חלב, ירושלים",העת החדשה,"קבלה, מוסר, שתיקה","תענית דיבור, בית אל, ענווה, שובבי""ם",מקובל ירושלמי שפעל בשקט אדיר. הנהיג את תענית הדיבור כתיקון רוחני עמוק לזמננו.,כוח השתיקה; תיקון עולם דרך פשטות ומסירות; תיקון הדיבור בדור פרוץ.,"הרש""ש, הרב מרדכי אליהו",https://open.spotify.com/episode/0K70gzGHWICiSDkIOQKFip?si=seBOXsSEQQ6VcHFu8A6-aw&context=spotify%3Ashow%3A4nrvg1RLAoxg9C0vVYM8qv
120,דמות,הרב בן־ציון מאיר חי עוזיאל,1880–1953,יפו/תל אביב → הרבנות הראשית,עת החדשה/ראשית המדינה,"הלכה ציבורית, הנהגה לאומית","אחדות ישראל, הלכה פרגמטית, נשים, גיור, עבודה עברית, הרצוג","ראשון לציון ופוסק רואה-למרחוק שפעל באחדות היישוב והמדינה, פיתח הלכה ציבורית ריאלית, ושיתף פעולה היסטורית עם הרב הרצוג.",הלכה לאומית-ציבורית: שילוב רציונליות מיימונית עם אחריות חברתית ואחדות.,הרב הרצוג; היישוב; ילדי טהרן; מחנות קפריסין,https://open.spotify.com/episode/19Z8t6pZZjaOTG652Clx9c?si=X6Jrpy0cRxeJ5JhNPXjNBA&context=spotify%3Ashow%3A4nrvg1RLAoxg9C0vVYM8qv
121,אישיות,"הרב יעקב משה חרל""פ (1882–1951) – תלמיד הרב קוק: קבלה, תשובה וגאולת ישראל",1882–1951,ירושלים,העת החדשה; טרום המדינה,קבלה; מחשבה,תשובה; גאולה; תורת הרב קוק; פנימיות התורה,"הרב חרל""פ כתלמיד-חבר של הרב קוק: שפה של תשובה וגאולה, חיבור בין קבלה לעשייה לאומית, והשפעה בירושלים.",גאולה כתהליך נפשי-לאומי: תיקון המידות והחברה הוא חלק מן הריבונות.,הרב קוק; ישיבת מרכז הרב; כתבי תשובה וגאולה,https://open.spotify.com/episode/2n7Iq3y6sKhtYLYdjnVUFZ?si=XHTgY1ZLQtWIHvexvPIG9Q&context=spotify%3Ashow%3A4nrvg1RLAoxg9C0vVYM8qv
122,דמות,הרב אריה לוין,1885–1969,ירושלים,העת החדשה,"חסד, חינוך, הנהגה מוסרית","הצדיק הירושלמי, בתי כלא, חסד, שואה","דמות מוסרית יוצאת דופן בירושלים, הרב של האסירים, מסמל ענווה וקדושה מעשית.",חסד כצורת חיים. ענווה מהפכנית בתוך עולם משתנה.,"הראי""ה קוק, אסירי המחתרות",https://open.spotify.com/episode/3DpekO1U2gizKVNXJlWwha?si=05N8HltrQqqY9HSnqzU_yA&context=spotify%3Ashow%3A4nrvg1RLAoxg9C0vVYM8qv
123,אישיות,פרנץ רוזנצווייג – הפילוסוף שהחזיר את האדם למרכז,1886–1929,גרמניה,מודרנה,פילוסופיה יהודית מודרנית,"כוכב הגאולה, התגלות, דיאלוג, יהדות ונצרות, תרגום תנ""ך, ALS","ב'כוכב הגאולה' מפרק את ה'כוליות' ומציע מבנה של אלוהים-אדם-עולם דרך בריאה/התגלות/גאולה. הקים Lehrhaus בפרנקפורט ותרגם תנ""ך עם בובר, תוך התמודדות עם ALS.",התגלות כדיבור ואהבה שמולידים אחריות; אמת נוצרת במפגש ולא במערכת מופשטת.,מרטין בובר; Lehrhaus; עמנואל לוינס (השפעה מאוחרת),https://open.spotify.com/episode/7EpaIjYgIJVmSWDAsXDI7g?si=u6IC097XQ-KpBRfRRIGqcg&context=spotify%3Ashow%3A4nrvg1RLAoxg9C0vVYM8qv
124,דמות,פרנץ רוזנצווייג,1886–1929,גרמניה,מודרנה,הגות יהודית מודרנית,"פילוסופיה, תיאולוגיה, גרמניה, לימוד, דיאלוג",הוגה גרמני יהודי שהתלבט בין התנצרות לבין חזרה ליהדות. חיבר את 'כוכב הגאולה' – יצירה פילוסופית-תיאולוגית מרשימה.,"הגאולה כתהליך מתמשך הנע בין אדם, עולם ואלוהים, במבנה דיאלוגי קיומי.","מרטין בובר, הרב נחום גלאטמן",https://open.spotify.com/episode/7EpaIjYgIJVmSWDAsXDI7g?si=u6IC097XQ-KpBRfRRIGqcg&context=spotify%3Ashow%3A4nrvg1RLAoxg9C0vVYM8qv
125,אישיות,"האדמו""ר מפיאסצ'נה (1889–1942) – קודש בתוך החורבן: תורה פסיכולוגית, אמונה ועמידה בגטו ורשה",1889–1942,פולין; גטו ורשה,המאה ה-20; תקופת השואה,חסידות; חינוך,אמונה בשבר; פסיכולוגיה רוחנית; חינוך; גטו ורשה,"דיוקן של הרבי מפיאסצ'נה כמחנך והוגה: עומק חסידי, הבנת נפש, ואומץ להמשיך ללמד ולכתוב בתוך גטו ורשה.",קדושה שמסרבת לברוח: עבודת ה' נבנית מתוך אמת פנימית גם כשהמציאות קורסת.,חסידות פולין; כתבי דרשות מן השואה; תנועת המוסר,https://open.spotify.com/episode/462p60k0hrJUeoi1OiEtfD?si=fGjrjZNLSu6BZj6EPEL5iQ&context=spotify%3Ashow%3A4nrvg1RLAoxg9C0vVYM8qv
126,דמות,הרב עובדיה הדאיה,1889–1969,ירושלים,העת החדשה,"קבלה, פסיקה, ציונות דתית","ישכיל עבדי, בית אל, ציונות מיסטית, אתחלתא דגאולה","פוסק ומקובל שזיהה את קום המדינה כמעשה אלוקי. תמך בציונות לא כפשרה, אלא כהתגלות גאולית.",קבלה שאינה בורחת מהמציאות אלא פועלת בתוכה; גאולה כתהליך מדיני־מיסטי.,"האר""י, הזוהר, הרב מרדכי אליהו",https://open.spotify.com/episode/7mpAfEie4L4nvzNmMg7hji?si=91Ams8d9TpakDgA8SdXJqA&context=spotify%3Ashow%3A4nrvg1RLAoxg9C0vVYM8qv
127,דמות,חכם מנחם מנשה,1892–1968,"טורקיה, ירושלים",העת החדשה,"קבלה, חסד, הלכה","אהבת חיים, צדיק נסתר, ל״ו צדיקים, פחח, צדקה בסתר",צדיק נסתר שפעל כפחח פשוט ביום ומקובל בלילה. כתב את ספר 'אהבת חיים' והשפיע על קהילות רבות במסירות וענווה.,קדושה מתוך הסתר וענווה; חסד כמנוע רוחני קוסמי; חיבור בין הלכה לחיים הפשוטים.,"הרב מרדכי אליהו, הרב מרדכי שרעבי, הרב יצחק אלפייה",https://open.spotify.com/episode/12xZKv1fqjzLtuftGEYqvf?si=Qr5Qc3iXRF2xIBPlFci2Jw&context=spotify%3Ashow%3A4nrvg1RLAoxg9C0vVYM8qv
128,דמות,הרב יוסף משאש,1892–1974,מקנס (מרוקו) → חיפה,עת החדשה/ישראל,"הלכה, היסטוריה, הנהגה","פסיקה ריאלית, רציונליזם, אחדות ישראל, יהדות המגרב, אתחלתא דגאולה","איש אשכולות שראה במציאות כלי להבנת ההלכה, פסק באומץ מתוך חמלה ורוח הזמן, וחיזק את אחדות ישראל בין גולה לתקומה.",הלכה נצחית שפוגשת זמן: ריאליזם הלכתי כמפתח לשמירת המסורת בחברה משתנה.,קהילות המגרב; רבנות חיפה; שיח ציוני-דתי,https://open.spotify.com/episode/2bY5WI2sxqsa1csNcbHXoG?si=o6TWKG6NR_eHzMOu8YluCw&context=spotify%3Ashow%3A4nrvg1RLAoxg9C0vVYM8qv
129,דמות,מר שושני,1895–1968,"גלותי, בינלאומי",המאה ה־20,"תורה, פילוסופיה, מתודולוגיה","גאונות, סוד, קושיה, אינטלקטואליות",דמות חידתית וגאון בלתי נתפס. פירק ודחף לחשיבה עצמאית בלי להותיר שיטה סדורה.,הקושיה כפתח לאמת. אין פרשנות סופית לתורה.,"לוינס, אלי ויזל, מניטו",https://open.spotify.com/episode/0Kpu3qt4CJeGGkKLHxBgQA?si=aPU_BcsRTTClXoOtQTeJPA
130,"חכמי ישראל - הגות, הנהגה והלכה",הרב יצחק נסים – הראשון לציון שניהל 'מדיניות חוץ' עצמאית,1895–1981,בגדד / ישראל,המאה ה־20,"הלכה, הנהגה ציבורית","ראשון לציון, רבנות ראשית, ממלכתיות, גיור, יחסי דת ומדינה","ראשון לציון והרב הראשי לישראל; הנהיג קו ממלכתי־עצמאי, פעל לקרב רחוקים וקבע עמדות ציבוריות תקיפות.","רבנות ממלכתית גאה ועצמאית – שילוב הנהגה, פסיקה ואחריות לאומית.",חכמי בבל; הרבנות הראשית; הרב מרדכי אליהו (תלמיד/השפעה),https://open.spotify.com/episode/6M7GqxrkmSgbLaowvUoIbM?si=YsGIvc_wSLu215jfLClMtg&context=spotify%3Ashow%3A4nrvg1RLAoxg9C0vVYM8qv
131,דמות,רבי יצחק כדורי,1899–2006,"בגדאד, ירושלים",העת החדשה,"קבלה, הנהגה רוחנית","קמיעות, שתיקה, פתק המשיח, גאולה","זקן המקובלים שחי בענווה עצומה, והשפיע עמוקות במסורת סוד, קבלה מעשית ורוחניות ציבורית.","קבלה כחיים, לא רק תיאוריה. הנהגה באמצעות שתיקה ואחריות.","הבן איש חי, הרש""ש",https://open.spotify.com/episode/3qeCTbEVgPEv319klxLDco?si=lHqodw6aTp6lUOOtrWq8ew&context=spotify%3Ashow%3A4nrvg1RLAoxg9C0vVYM8qv
132,דמות,עמנואל לוינס,1905–1995,"ליטא, צרפת",המאה ה־20,"אתיקה, פילוסופיה יהודית","אחריות, פנים, חשיבה מוסרית, אלטרנטיבה מערבית",פילוסוף יהודי שהציב את האחריות כלפי הזולת לפני ההבנה. שינה את יסודות החשיבה האתית המודרנית.,האחר קודם לידיעה. אחריות קודמת למושג.,"מר שושני, היידגר",https://open.spotify.com/episode/3k9m3MfSjWyswqVmHrlM5S?si=HfWBMM1RSpSTfsfrcWQnCw&context=spotify%3Ashow%3A4nrvg1RLAoxg9C0vVYM8qv
133,אישיות,הרב אברהם יהושע השל – הגות ומעורבות מוסרית,1907–1972,"פולין / ארה""ב",מודרנה,הגות יהודית ואתיקה ציבורית,"השבת ארמון בזמן, נבואה, פליאה, זכויות אזרח, דיאלוג יהודי-נוצרי","הוגה שחיבר חסידות ופילוסופיה עם אתיקה ציבורית. כתב 'השבת' ו'הנביאים', פעל בזכויות האזרח, וצעד לצד מרטין לותר קינג – 'תפילה עם הרגליים'.",קדושת הזמן והפליאה כמנוע אמונה; אחריות מוסרית כחלק בלתי נפרד מעבודת ה'.,מרטין לותר קינג; JTS; דיאלוג יהודי-נוצרי (נוסטרה אטאטה),https://open.spotify.com/episode/63Q7RdapehdnH3FCLVMrBy?si=DujHYLYPTUmSckrnlOofCQ&context=spotify%3Ashow%3A4nrvg1RLAoxg9C0vVYM8qv
134,דמות,הרב אברהם יהושע השל,1907–1972,"פולין, ארה""ב",העת המודרנית,"הגות דתית, אקטיביזם מוסרי","פילוסופיה, נבואה, זכויות אדם, יהדות ארה""ב","הוגה חרדי שהפך לפעיל חברתי בארה""ב. כתב על האל כמשתוקק לאדם, ונאבק למען זכויות שחורים ושלום.",תורה של מחויבות מוסרית ודיאלוג עם האל – 'האל המחפש את האדם'.,"מרטין לותר קינג, ברדיצ'בסקי, הרמב""ם",https://open.spotify.com/episode/63Q7RdapehdnH3FCLVMrBy?si=DujHYLYPTUmSckrnlOofCQ&context=spotify%3Ashow%3A4nrvg1RLAoxg9C0vVYM8qv
135,דמות,הרב מרדכי שרעבי,1908–1983,תימן → ירושלים,עת החדשה (מקובלי ירושלים),"קבלה (רש""ש), הנהגה רוחנית","נהר שלום, בית-אל, כוונות הרש""ש, ענווה, תיקונים","מקובל ומנהיג שהקים את ישיבת 'נהר שלום' לשימור מסורת הכוונות לאחר חורבן בית-אל, חי בפשטות והקרין אהבת ישראל וענווה נדירה.",עבודת ה' כענווה ושירות: כוונות גבוהות לצד נגישות מוחלטת לכל אדם.,"מסורת הרש""ש; ישיבת בית-אל; הרב בניהו שמואלי; הרב מאיר יהודה גץ",https://open.spotify.com/episode/71fwTzDzMkD8JtOgm8g2kj?si=eGLqE6F3So6PL5PzylLROA
136,אישיות,הרב שאול ישראלי – הפוסק שבנה גשר בין בית המדרש למדינה,1909–1995,"ארץ ישראל; כפר הרא""ה; מרכז הרב; בית הדין הגדול",מודרנה,הלכה ופסיקה,"הלכות מדינה, צבא ומוסר, שמיטה, פדיון שבויים, דמוקרטיה, רפואה והלכה","הרב שאול ישראלי חידש שפה הלכתית לשאלות ריבונות: מדינה, צבא, משפט ומוסר, תוך עיון מעמיק ונכונות לחדש. הוא עסק בסוגיות כמו מבצעי חילוץ, פדיון חיילים, שמיטה ורפואה, והיה גם מבקר חריף של פוליטיזציה דתית. הפרק מציג פוסק שמחבר בית מדרש למציאות לאומית באחריות.","הלכה של ריבונות: פיתוח שפה הלכתית למדינה, צבא ומשפט מתוך עיון אמיץ ואחריות מוסרית.","הראי""ה קוק; מרכז הרב; הרב יוסף שלום אלישיב",https://open.spotify.com/episode/0l6TX6iKGkqyzbt4707yeN?si=_9QHZ6S9SEi2he0xCsln0Q&context=spotify%3Ashow%3A4nrvg1RLAoxg9C0vVYM8qv
137,"חכמי ישראל - הגות, הנהגה והלכה",הרב פנחס קהתי – הפקיד מהבנק שחולל מהפכה בעולם התורה,1910–1976,ישראל (תל אביב),המאה ה־20,"חינוך, פרשנות, הנהגה","משניות קהתי, ציונות דתית, הנגשת תורה, לימוד משנה",מחבר 'משניות קהתי' – פירוש בהיר ופדגוגי שנכתב מתוך שליחות חינוכית לציבור הרחב.,הנגשת המשנה בשפה מודרנית ושיטתית – גשר בין בית המדרש לציבור.,בני עקיבא; לימוד תורה ציבורי בישראל,https://open.spotify.com/episode/5YJhfgmjz6YbKNEP0QBzUE?si=_C2UJ6u1TOmkWYGmREvXCw
138,דמות,הרב שלמה זלמן אויערבך,1910–1995,ירושלים,העת החדשה,"הלכה, אתיקה רפואית","חשמל בשבת, יושר פסיקתי, ענווה, בריחה מכבוד",פוסק הדור בצניעות מזהירה. חקר את המציאות המודרנית ופסיקתו שינתה תחומי חיים שלמים.,"הלכה מתוך אחריות מוסרית, דיאלוג עם המציאות המודרנית ולא נתק ממנה.","הראי""ה קוק",https://open.spotify.com/episode/2HlLtLodPvUVPUArvlAmEC?si=VocC7mqSQ8OyVPbfIzeaOQ&context=spotify%3Ashow%3A4nrvg1RLAoxg9C0vVYM8qv
139,"חכמי ישראל - הגות, הנהגה והלכה","האדמו""ר מסלונים – בעל 'נתיבות שלום' (""רגלי המשיח"")",1911–2000,ירושלים (חסידות סלונים),המאה ה־20,"חסידות, מוסר, הנהגה","נתיבות שלום, סלונים, חינוך, אמונה וביטחון, דור השואה","אדמו""ר ומחנך שבנה מחדש עולם חסידי אחרי השואה, ופיתח שפה רוחנית נגישה על אמונה, אווירה וחינוך.","""אווירה"" חינוכית כבונה זהות; אמונה וביטחון ככוח יוצר מציאות בדור התחייה.",חסידות סלונים; שיח אמונה בדור המדינה,https://open.spotify.com/episode/2smxXVp67eOBQxkbFpnBEh?si=Bq_5p1TeQnqzLA2FzxpjQg%0A
140,אישיות,"הרב משה־צבי נריה – המהפכן הציוני־דתי שחי כל חייו בין חזון ל""בדיעבד"" כעבודה: כשהעשייה היא דרך המלך",1913–1995,"ארץ ישראל; כפר הרא""ה; בני עקיבא; מרכז הרב",מודרנה,מנהיגות וחינוך,"חינוך, בני עקיבא, כפר הרא""ה, שליחות, דוגמה אישית, שואה, צה""ל, ציונות דתית","נריה, תלמיד הראי""ה קוק, ייסד את ישיבת כפר הרא""ה והיה ממנהיגי בני עקיבא, ובנה את התשתית לחינוך הציוני־דתי. הוא חינך דרך קשר אישי, שליחות ועליונות המעשה, וראה בבניית מוסדות תורה תגובה לאחר חורבן אירופה. הפרק מציג גם את מורכבותו ביחס לגיוס ולמתח בין אידיאל ""דרך המלך"" לבין אחריות מעשית בדיעבד.",בדיעבד כשליחות: מהפכה חינוכית מתוך דוגמה אישית ותחושת אחריות לאומית.,"הראי""ה קוק; בני עקיבא; כפר הרא""ה",https://open.spotify.com/episode/43IiFgqfBCu9lLZIR07if7?si=ZAnRvMcXQPCAbEyH-BWhOA&context=spotify%3Ashow%3A4nrvg1RLAoxg9C0vVYM8qv
141,דמות,הרב שמואל הלוי וואזנר,1913–2015,"וינה, בני ברק",העת החדשה,"הלכה, הנהגה","שבט הלוי, חומרה, פוסק הדור, בית הוראה","מחבר שו""ת 'שבט הלוי' וראש ישיבת חכמי לובלין. הוביל קהילה ופסק בנחרצות בעידן של שינוי טכנולוגי.",עמידה יציבה מול מודרנה מתוך מסורת עמוקה ועקביות פסיקתית.,"החזון איש, חב""ד",https://open.spotify.com/episode/283XmaljmcMZNoMgipa2cv?si=ZDLUWE4RSfOQ_8IWiaeofg&context=spotify%3Ashow%3A4nrvg1RLAoxg9C0vVYM8qv
142,דמות,אנדרה נהר,1914–1988,צרפת,המאה ה־20,"מחשבת ישראל, מקרא, פוסט שואה","שתיקת האל, גלות הדיבור, יוצר משמעות, אושוויץ",הוגה יהודי־צרפתי שעסק במשמעות היהדות לאחר השואה. ראה בשתיקת האל קריאה לאחריות אנושית.,היהדות כהזמנה ליצור משמעות בעולם שותק; קדושת החולין והמעשה המוסרי.,"לוינס, מניטו, התנ""ך",https://open.spotify.com/episode/4zJ21QTx6e8QgoBRSCWqiG?si=zfLuz2akQT2m0SLnjv2x3A&context=spotify%3Ashow%3A4nrvg1RLAoxg9C0vVYM8qv
143,חכם,הרב יוסף קאפח,1917–2000,"תימן, ישראל",העת החדשה,"פסיקה, תרגום, מחקר רמב""ם","יהדות תימן, משנה תורה, מורה נבוכים, רציונליזם","דיין, חוקר ומתורגמן, שהחזיר את תורת הרמב""ם לדיוקה המקורי ועמד על שמירת מסורת תימן.","דיוק לשוני ומחשבתי על פי מסורת תימן – נאמנות לרמב""ם וחשיבה רציונלית.","הרב יחיא קאפח, הרמב""ם, רב סעדיה גאון",https://open.spotify.com/episode/1rA2UmPl4BccGHQljls8Ij?si=7NXymdZBSKGWVhOU_25hBA&context=spotify%3Ashow%3A4nrvg1RLAoxg9C0vVYM8qv
144,דמות,אליאן עמדו לוי־ולנסי,1919–2006,צרפת,המאה ה־20,"מחשבת ישראל, מקרא, פסיכואנליזה","אסכולת פריז, אברהם, הנני, פרשנות קיומית","הוגה עמוקה שחיברה בין מקרא, פילוסופיה ופסיכואנליזה. ראתה באברהם דמות קיומית של אחריות והיסטוריה.",הישות האברהמית – האדם כנוכחות מוסרית היוצרת היסטוריה דרך אמירה 'הנני'.,"לוינס, מניטו, נהר",https://open.spotify.com/episode/7DJX0cnVGFtntXiLnNdbpj?si=19scU7vVSbexbi8KypeI0Q&context=spotify%3Ashow%3A4nrvg1RLAoxg9C0vVYM8qv
145,"חכמי ישראל - הגות, הנהגה והלכה",הרב לוי סעדיה נחמני,1921–1995,מרקש → ירושלים,עת חדשה,קבלה/הנהגה רוחנית,"נבואות, גאולה אקטיבית, אחדות העם, תשובה","מקובל וסופר סת״ם. מיוחסות לו אזהרות וניבויים (ששת הימים/יום כיפור). הדגיש גאולה אקטיבית: תפילה, אחדות וקריאת משיח.",המאבק החיצוני כמראה פנימית; דרישה לתיקון ואחדות בין דתיים וחילונים; 'אין משיח בלי שנבקש אותו'.,אהרן הכהן כמודל; תלמידים בארץ,https://open.spotify.com/episode/2EnV8jysY70VrqWS5EYzEU?si=f5iKQHQyTF2KuPas91ANCw&context=spotify%3Ashow%3A4nrvg1RLAoxg9C0vVYM8qv
146,"חכמי ישראל - הגות, הנהגה והלכה",הרב מאיר זייני,1921–2012,אלג׳יריה → פריז → ירושלים,עת חדשה,מנהיגות קהילה/ציונות/מסורת צפון אפריקה,"יהדות אלג׳יריה, עוז חיים, תורה וגבורה, עלייה בגיל 85","רב קהילות באלג׳יריה, רב צבאי, ובצרפת החיה בית כנסת והנחיל זהות ליוורנואית-ציונית. עלה לישראל בגיל 85.",מנהיגות 'גדול גיבור' המחברת תורה ומעשה; גאולה מתוך מפגש תפילה-עשייה ושימור ניגון מסורת.,מגורשי ספרד; הרב שרקי (תיאור תלמידים),https://open.spotify.com/episode/0hEDzOsuXWV4gBqUTv3KqW?si=YxjOxwWVSuueTuzR9QXJLw&context=spotify%3Ashow%3A4nrvg1RLAoxg9C0vVYM8qv
147,דמות,הרב יהודא ליאון אשכנזי (מניטו),1922–1996,אלג'יריה → צרפת → ישראל,עת החדשה/ישראל,"מחשבת ישראל, קבלה, זהות לאומית","אסכולת פריז, לוינס, שושני, עברי/יהודי, צמצום כמוסר, תחייה","הוגה וקבליסט שחיבר בין מסורת צפון אפריקה, שיח אינטלקטואלי צרפתי ותורת ארץ ישראל; ניסח תורת זהויות והעמיד שפה חדשה של תחייה.","זהות 'עברי' כשלב תודעתי-לאומי שמאחד קודש וחול, משפחה ועם, מוסר והיסטוריה.",עמנואל לוינס; אנדרה נהר; יעקב גורדין; מר שושני; הרב צבי יהודה קוק; הרב אורי שרקי,https://open.spotify.com/episode/6vCbxdldNDpdncGxSjvAyD?si=qBr96Ig2Q6ixq5xsq-_Haw&context=spotify%3Ashow%3A4nrvg1RLAoxg9C0vVYM8qv
148,"חכמי ישראל - הגות, הנהגה והלכה",הרב מאיר יהודה גץ – 'סבא כותל' שחשף את סודות הכותל,1924–1995,ירושלים – הכותל המערבי,המאה ה־20,"קבלה, הנהגה, ציונות דתית","רב הכותל, מנהרות הכותל, בית אל, מקובל, צה""ל",רב הכותל וראש ישיבת 'בית אל' (מקובלים); שילב עבודת נסתר עם ניהול מעשי ורגישות לכלל ישראל.,גשר חי בין קודש מעמיק לבין אחריות ציבורית־ממלכתית במקום הקדוש והרגיש בעולם.,מקובלי ירושלים; מלחמת ששת הימים; ישיבת בית אל,https://open.spotify.com/episode/1d2iYDGxvwEW6fWxghPHEK?si=UC3yD71cRfeiVk8RgdLLVg
149,אישיות,הרב חיים דוד הלוי,1924–1998,ישראל (ירושלים; תל אביב),עכשווי,פסיקה,"הלכה ומודרנה, רפואה ומדע, הלכה לציבור, אהבת ישראל",,,,https://open.spotify.com/episode/0bYyPcQtkqoVwWyC5OWfpn?si=PiHiW-RXR8GyZWwiGjID0g
150,דמות,אלי ויזל,1928–2016,"אירופה, ארה""ב",המאה ה־20,"זיכרון, מוסר, אמונה","שואה, אמונה פצועה, מוסר, עדות",ניצול שואה וסופר דגול. חיבר את השבר לאמונה ואת הזיכרון לקריאה מוסרית.,זיכרון כאחריות. אמונה כמאבק. אי־שקט כמצווה.,הרבי מליובאוויטש,https://open.spotify.com/episode/3CyodWcIZlT5rUhlIbpWqm?si=otLNnPYXSsCzEjJZylCiIQ&context=spotify%3Ashow%3A4nrvg1RLAoxg9C0vVYM8qv
151,אישיות,"הרב חיים קניבסקי (1928–2022) – 'שר התורה': פסיקה, שקידה והשפעה בציבור הליטאי",1928–2022,בני ברק,העת החדשה,הלכה,שקידה; פסיקה; הנהגה ליטאית; ספרות תורנית,"הרב חיים קניבסקי כמודל של שקידה ופסיקה: ספרות ענפה, השפעה ציבורית רחבה ומעמד ייחודי בציבור הליטאי.","סמכות שנבנית מהתמדה: כוח רוחני בלי הצגה, מתוך נאמנות יומיומית לתורה.",החזון איש; הסטייפלר; הנהגה ליטאית בבני ברק,https://open.spotify.com/episode/0Gj9zpkEtz6deqYmEAEcbA?si=rjGbQrZKTK-yN_FqnHZwyA&context=spotify%3Ashow%3A4nrvg1RLAoxg9C0vVYM8qv
152,דמות,הרב חיים דרוקמן,1932–2022,"פולין, ישראל",ציונות דתית מודרנית,"חינוך, הנהגה ציבורית, ציונות דתית","ציונות דתית, בני עקיבא, ישיבות הסדר, גיור, רבנות",מהמנהיגים המרכזיים של הציונות הדתית בישראל. עמד בראש מוסדות חינוכיים והשפיע על דור שלם של תלמידים ומנהיגים.,"שילוב של תורה עם דרך ארץ, אחריות ציבורית ומדינית מתוך מחויבות להלכה.","הרב קוק, הרב צבי יהודה קוק, מוסדות אור עציון",https://open.spotify.com/episode/1j4SgDhb3vWdY3gvTjv3oq?si=67O0wVDkTsa2b7zRpBFQmQ&context=spotify%3Ashow%3A4nrvg1RLAoxg9C0vVYM8qv&t=128
153,אישיות,הרב חיים דרוקמן – מנהיג ציונות דתית בדורנו,1932–2022,ישראל,עכשווי,מנהיגות וחינוך,"בני עקיבא, ישיבות הסדר, גיור, הנהגה ציבורית, אחדות","ניצול שואה שהפך למנהיג מרכזי בציונות הדתית: ראש מוסדות אור עציון, מנהיג בני עקיבא ונשיא ישיבות ההסדר. נשא באחריות למערך הגיור הממלכתי מתוך אהבת ישראל.","הנהגה אחראית שמחזיקה תורה-צבא-מדינה יחד, עם דגש על אחדות ואהבת אדם.",הרב צבי יהודה קוק; מוסדות אור עציון; מערך הגיור,https://open.spotify.com/episode/1j4SgDhb3vWdY3gvTjv3oq?si=67O0wVDkTsa2b7zRpBFQmQ&context=spotify%3Ashow%3A4nrvg1RLAoxg9C0vVYM8qv&t=128
154,דמות,רבי רפאל משה לוריא,1937–2010,טבריה → ירושלים,עת החדשה (מקובלי ארץ ישראל),"נגלה וקבלה, תורת ארץ ישראל","שער השמים, נתיבות שלום, צמצום הקדושה, בית גנזי, קרבנות","תלמיד סלונים שעבר מהנהגת ישיבה לעומק הסוד לאחר משבר רפואי; פיתח רעיונות מקוריים על צמצום הקדושה, קדושת הארץ ומהות הקרבן.",צמצום הקדושה' כתבנית היסטורית-רוחנית: ריכוז אור במקום אחד כדי להאיר ממנו בעוצמה.,"האדמו""ר מסלונים ('נתיבות שלום'); ישיבת שער השמים; מסורת האר""י והבעש""ט",https://open.spotify.com/episode/0VCagjZmbRPm2I6ZwrWMgu?si=F1Y7lcQwQFS9D2rVaUIwuw&context=spotify%3Ashow%3A4nrvg1RLAoxg9C0vVYM8qv
155,"חכמי ישראל - הגות, הנהגה והלכה",חכם ישועה בן שושן – המקובל שפיקד על סיירת קומנדו,1942–2018,ירושלים / ישראל,המאה ה־20–21,"הנהגה, קבלה, צבא וביטחון","סיירת שקד, יום כיפור, קבלה ירושלמית, אלון מורה, מחתרת יהודית","לוחם ומפקד בסיירות לצד חיי קבלה ותפילה. דמות שמחברת גבורה, אחריות לאומית ותודעת גאולה.",שילוב נדיר של עולמות: עבודת ה' מיסטית לצד אתוס לחימה ושליחות ציבורית.,הרב אלישיב; הרב מרדכי אליהו; הרב צבי יהודה קוק,https://open.spotify.com/episode/7AzhR0GwdztLO5WPLBXPI2?si=lEcNqxliRzezANtCirOiWA
156,אישיות,הרב אביחי רונצקי,1951–2018,"ישראל (צה""ל; השומרון)",עכשווי,רבנות צבאית,"רוח לחימה, רבנות בשטח, ממלכתיות, שירות צבאי",,,,https://open.spotify.com/episode/3GVwabzRl1ToA2p0d17erP?si=FJUdB6whRjKYI9c51iFewg
157,דמות,הרב אלישע וישליצקי,1955–2023,ישראל,דורנו,"חינוך, הנהגה קהילתית, מחשבת הציונות הדתית","אהבת ישראל, ענווה, גרעינים תורניים, מרכז הרב, הר המור","מחנך ומנהיג שטח שחיבר קהילות וזרמים, הדגיש בין אדם לחברו כמדד דתי ראשון במעלה, והעמיד שפה של עין טובה ושליחות.","מנהיגות של חיבור: ענווה ככוח עבודה, אמת עטופה באהבה ובהקשבה.",ישיבות מרכז הרב והר המור; תנועות גרעינים תורניים,https://open.spotify.com/episode/5kmvc0W7chgl4NeshSU6kX?si=7NptgxW_RrGjZoKtyWA5iw&context=spotify%3Ashow%3A4nrvg1RLAoxg9C0vVYM8qv
158,נושא/מושג,תורת הקבלה – מבטו של אדולף פראנק (1843),המאה ה־19 (פרסום 1843),צרפת / מסורת קבלה (ימי הביניים–צפת),עת חדשה מאוחרת,מחשבת ישראל (קבלה),"אין־סוף וספירות, רע ותיקון, האר""י, זוהר, מחקר אקדמי","סקירת התפתחות הקבלה ממסורות קדומות עד הזוהר והאר""י, והצגת המהלך האקדמי של אדולף פראנק שראה בקבלה מערכת פילוסופית-דתית מתוחכמת. מדגיש מושגים כמו אין־סוף, ספירות, קליפות ותיקון.","הקבלה כמערכת מסבירה-כול: קוסמולוגיה, תיאודיציה ותיקון – וגם כמנוע התפתחות פנימי של מסורת.","אדולף פראנק; גרשם שלום (מובא בטקסט); האר""י; הזוהר",https://open.spotify.com/episode/5qiFDQTROpb7v21w4imqIE?si=N2J3HnklTRW2Gm-BmT4SFA&context=spotify%3Ashow%3A4nrvg1RLAoxg9C0vVYM8qv
159,דמויות,שושלת אבוחצירא,המאה ה־19–20,"מרוקו, ארץ ישראל",העת החדשה,"קבלה, הנהגה, פיוט","בבא סאלי, אעופה אשכונה, פיוט, גאולה","שושלת מקובלים שהובילה רוחנית את יהדות מרוקו. שילוב בין קדושה, ענווה ופיוט נשגב.",קדושה פרקטית מול פיוטי הגאולה. הנהגה רוחנית דרך חוויה ומסורת.,"רבי ישראל אבוחצירא, רבי יצחק אבוחצירא",https://open.spotify.com/episode/4zNV0OTiJsa1CUIm4xsy4e?si=lD9RIUmYSHyfLAYBk1_jiw&context=spotify%3Ashow%3A4nrvg1RLAoxg9C0vVYM8qv
160,אישיות,חכם ציון חביב ברכה,"נפטר 2004 (י""ד בתשרי תשס""ה)",ירושלים (נחלאות),עכשווי,קבלה,"כוונות הרש""ש, תפילה, ענווה והסתרה, אהבת ישראל",,,,https://open.spotify.com/episode/54WDzXvPJL2lSljQw8ppji?si=axqFQefgQLCRM9oCzjRzxw&context=spotify%3Ashow%3A4nrvg1RLAoxg9C0vVYM8qv
161,אירוע,גירוש ספרד,1492,"ספרד, פזורה",שלהי ימי הביניים,"היסטוריה יהודית, גלות, הגות","צו אלהמברה, מגורשי ספרד, אינקוויזיציה, לאדינו","אירוע טראומטי שהוליד פזורה יהודית עשירה, קהילות בסלוניקי, אמסטרדם, מרוקו וארץ ישראל.","כאב הגירוש הפך לכוח יצירתי: שפה, הגות, זהות חדשה בתנאי גלות.","רבי יצחק אברבנאל, חכמי צפת, שלמה אבן וירגה",https://open.spotify.com/episode/4BIlH6TQgXb88bidzSeuen?si=-zrdQPRyQ1-9epoUMCPLWA&context=spotify%3Ashow%3A4nrvg1RLAoxg9C0vVYM8qv
162,נושא/מושג,שיטת בריסק (ר' חיים סולובייצ'יק) והלימוד האקדמי – האם לימוד חיצוני סותר קדושה?,—,ליטא/רוסיה; עולם הישיבות; האקדמיה,סוף המאה ה-19–ימינו,מתודולוגיה,לומדות; מדעי היהדות; תורה וחול; גבולות החכמה,"דיון על שיטת בריסק מול גישות אקדמיות-היסטוריות ללימוד: איפה המתח, ומה ניתן להרוויח בלי לטשטש גבולות.","הכלי איננו המטרה: השאלה היא תודעת הלומד, יראת שמים ומטרת העיון.",ר' חיים סולובייצ'יק; מדעי היהדות; ביקורת מקרא; עולם הישיבות,https://open.spotify.com/episode/2KOs920m1VgodQCROsxEpF?si=zA8PvMi6TeqKpg7DyZ_9cA&context=spotify%3Ashow%3A4nrvg1RLAoxg9C0vVYM8qv
163,נושא/מושג,ספר הזוהר – מי כתב? רבי שמעון בר יוחאי או חיבור מאוחר? המחלוקת סביב מחבר הזוהר,—,ארץ ישראל/ספרד; עולם הקבלה,ימי הביניים,קבלה,מסורת וביקורת; סמכות טקסטואלית; היסטוריה של הזוהר,"מחלוקת הייחוס של הזוהר לרשב""י מול טענות למחבר מאוחר, והשלכות השאלה על סמכות הקבלה ועל קריאת הטקסט.",מעבר ל'מי כתב': איך טקסט נעשה קנוני ומהי אחריות הפרשנות כשמסורת והיסטוריה מצטלבות.,"רשב""י; ר' משה די ליאון; גרשם שלום; מחקר הקבלה",https://open.spotify.com/episode/5hjMOYSZfyk2PpvO1z7y60?si=xvtDucKGTcqSJ5rNgkG76A&context=spotify%3Ashow%3A4nrvg1RLAoxg9C0vVYM8qv
164,,יעקב בן אשר,1269–1343,"אשכנז, טולדו",ראשונים,הלכה,"בעל הטורים, ארבעה טורים, הלכה, טולדו, פסיקה","בעל הטורים, מחבר ספר 'ארבעה טורים', שסידר את ההלכה למבנה מארגן עם ארבעה תחומים מרכזיים.",חלוקת ההלכה לארבעה טורים; גישה שיטתית שמסדרת ולא מוחקת את המחלוקות.,"הרא""ש, רמב""ם, יוסף קארו",https://open.spotify.com/episode/1ascElHzBKieDVSWk8wZBw?si=Md_jgcmSTp-gs6sjw6Mb_w&context=spotify%3Ashow%3A4nrvg1RLAoxg9C0vVYM8qv
165,,אברהם בר חייא,המאה ה-12,ברצלונה,ראשונים,"מדע, פילוסופיה","בר חייא, פילוסופיה, מדע יהודי, מתמטיקה",היהודי הראשון שכתב מדע בעברית והשפיע על תרגום חכמת המזרח לאירופה.,"שילוב בין תורה, מדע ופילוסופיה; תרגום חכמה כללית לעברית.","פיבונאצ'י, חכמי ספרד",https://open.spotify.com/episode/3FAGqYdzyMQbyPbon3KYoC?si=Y2eCGOlIR8CHgTpsOR5KzA
166,,מנחם מנדל מוויטבסק,1730–1788,"רוסיה, טבריה",אחרונים,"חסידות, הנהגה","חסידות, טבריה, תלמיד המגיד ממזריטש, פרי הארץ",ממנהיגי החסידות שעלו לארץ והקימו קהילה בטבריה תוך חזון וחיבור רוחני.,חזון הגאולה דרך התיישבות בארץ והנהגה מתוך ענווה ודבקות.,"המגיד ממזריטש, שניאור זלמן מלאדי, הראי""ה קוק",https://open.spotify.com/episode/17SN59z9ioFY7rUaYLDrY3?si=R5SgzVR0R6CU5OfW_6s37A&context=spotify%3Ashow%3A4nrvg1RLAoxg9C0vVYM8qv
167,,אברהם אבן עזרא,1089–1167 (בקירוב),ספרד,ראשונים,"פרשנות, מדע","פירוש מקרא, דקדוק, אסטרולוגיה, פשט, סוד",פרשן רציונליסטי ומדען אשר שילב פרשנות פשטית עם עומק קבלי וידע מדעי.,"פרשנות לפי הפשט, שפה ברורה עם עומק סודי, שילוב של אסטרולוגיה ומדע.","רמב""ם, חכמי תור הזהב",https://open.spotify.com/episode/4qxJVPlseRPaiWngzoMerl?si=fsaq9Mo3QG21KO4S62W7aA
168,אישיות,רבי יצחק קנפנטון,1360–1463,קסטיליה; ספרד,ימי הביניים,למדנות תלמודית,"דרכי התלמוד, גאון מקסטיליה",קנפנטון ייסד שיטה לוגית ללימוד הגמרא שהצילה את עולם התורה ערב הגירוש.,,,https://open.spotify.com/episode/2xytN0uGuTq03wNYWvusDO?si=GjQi6caQRZGdjDrWc8cX7w&context=spotify%3Ashow%3A4nrvg1RLAoxg9C0vVYM8qv
169,אישיות,"הרב שלום שרעבי (הרש""ש)",1720–1777,תימן; ירושלים,עת חדשה,מחשבת ישראל (קבלה),"סידור הרש""ש, בית אל, כוונות, חסד","הרש""ש סידר את תורת האר""י למערכת מדויקת והפך למנהיג הקבלה בירושלים.",,,https://open.spotify.com/episode/5yAibZuXCCCzAlCFiWICRS?si=TTjCoGAwR2i8jrOSJ3N9XA&context=spotify%3Ashow%3A4nrvg1RLAoxg9C0vVYM8qv
170,אישיות,"האדמו""ר מפיאסצ'נה (1889–1942) – קודש בתוך החורבן: תורה פסיכולוגית, אמונה ועמידה בגטו ורשה",1889–1942,פולין; גטו ורשה,המאה ה-20; תקופת השואה,חסידות; חינוך,אמונה בשבר; פסיכולוגיה רוחנית; חינוך; גטו ורשה,"דיוקן של הרבי מפיאסצ'נה כמחנך והוגה: עומק חסידי, הבנת נפש, ואומץ להמשיך ללמד ולכתוב בתוך גטו ורשה.",קדושה שמסרבת לברוח: עבודת ה' נבנית מתוך אמת פנימית גם כשהמציאות קורסת.,חסידות פולין; כתבי דרשות מן השואה; תנועת המוסר,https://open.spotify.com/episode/462p60k0hrJUeoi1OiEtfD?si=fGjrjZNLSu6BZj6EPEL5iQ&context=spotify%3Ashow%3A4nrvg1RLAoxg9C0vVYM8qv
171,נושא,תרגום השבעים,המאה ה־3 לפנה״ס,"אלכסנדריה, מצרים",ימי בית שני,"מקרא, תרגום, זהות","תרגום התורה, ספטואגינטה, תרבות יוון, חז""ל",אירוע מכונן שבו התורה תורגמה לראשונה ליוונית. עורר מחלוקות דתיות ותרבותיות בין היהדות לנצרות ולתרבות ההלניסטית.,תרגום ככלי מסוכן או גשר. כיצד שפה משנה משמעות של טקסט קדוש.,"איגרת אריסטיאס, חז""ל, תלמי השני",https://open.spotify.com/episode/0KlkCaGEiFapr5FKt6Vt9u?si=6hElFEtiRb-RZcv60deKDQ&context=spotify%3Ashow%3A4nrvg1RLAoxg9C0vVYM8qv
172,,שמעון כיפא – מרטיר נוצרי או צדיק נסתר ששלחו חכמי ישראל?,המאות הראשונות לספירה,ארץ ישראל; רומא; ראשית הנצרות,עת העתיקה,מסורת ופולמוס,"יהדות–נצרות, מסורות אזוטריות, זהות, פולמוס, ליטורגיה, ט' בטבת","הפרק מציג את הפער בין המסורת הנוצרית על פטרוס לבין מסורות יהודיות המציירות את שמעון כיפא כשליח נסתר שנועד ליצור הפרדה בין יהדות לנצרות כדי למנוע שפיכות דמים והתבוללות. לפי הסיפור, הוא עיצב מנהגים ותיאולוגיה שמרחיקים מן היהדות ובמקביל למד תורה בסתר. מוצגים גם ייחוסים ליטורגיים ומסורות סביב צום ט' בטבת.",מסורות כמנגנון זהות: סיפור 'שליח נסתר' שמפרש פילוג דתי כצעד הגנתי של הקהילה.,ספר חסידים; אוצר המדרשים; תולדות ישו,https://open.spotify.com/episode/4tu43oeL4qVdXGKzX2025J?si=G3-56Xu3TxKoDiSCHX9gEA&context=spotify%3Ashow%3A4nrvg1RLAoxg9C0vVYM8qv
173,טקסט יסוד,רב שרירא גאון – איגרת רב שרירא גאון,כ־906–1006,בבל (פומבדיתא) / קירואן,גאונים,היסטוריוגרפיה רבנית,"תושב""ע, תנאים/אמוראים/סבוראים/גאונים, סמכות, קראות","מסמך מכונן המסדר לראשונה רצף כרונולוגי של התורה שבעל-פה מן התנאים ועד הגאונים. מבהיר עריכת המשנה, חתימת התלמוד ותפקיד הסבוראים, ומעמיד תודעה היסטורית רבנית.",מסורת כסיפור היסטורי מוסמך: סמכות התורה שבעל‑פה נבנית גם דרך תיעוד מסירה וסדר דורות.,רב האי גאון; חכמי קירואן; פולמוס מול הקראות,https://open.spotify.com/episode/7f2XqM3393CxSX04yH8mpv?si=ix4nH6_sTRSmylMvrlQjMw&context=spotify%3Ashow%3A4nrvg1RLAoxg9C0vVYM8qv
174,חכם,"הראב""ד מפושקייר",1125–1198,פרובאנס,ראשונים,הלכה וקבלה מוקדמת,"השגות, רמב""ם, פרובאנס, קבלה",פוסק מרכזי ומחבר ההשגות על משנה תורה; מדמויות המפתח שמהן צמחה הקבלה הפרובנסלית.,ההלכה היא שיח חי בין חכמים ולא קודקס אטום.,"הרמב""ם; רבי יצחק סגי נהור; הרמב""ן",https://open.spotify.com/episode/3V6k0TH0ay1RxaO4bKeVXM?si=3apo-XzoRTir-Zx5fbYmQw&context=spotify%3Ashow%3A4nrvg1RLAoxg9C0vVYM8qv
175,חכם,הרב צבי יהודה הכהן קוק,1891–1982,ירושלים,מודרני,הגות ציונית-דתית,"מרכז הרב, אתחלתא דגאולה, התיישבות","ממשיך דרכו של הראי""ה קוק ומנהיג דור התחייה של הציונות הדתית.","חיבור בין מדינת ישראל, לימוד תורה וגאולה.","הראי""ה קוק; הרב חנן פורת; הרב משה לוינגר",https://open.spotify.com/episode/33CjfygeixWek05uscU4qM?si=zHwL0eT7QtWwuw1PHxvNJg&context=spotify%3Ashow%3A4nrvg1RLAoxg9C0vVYM8qv
176,חכם,הרב מאיר כהנא,1932–1990,"ארה""ב וישראל",מודרני,אידיאולוגיה פוליטית-דתית,"כך, JDL, כהניזם","רב, אידיאולוג ואקטיביסט שהעמיד במרכז את שאלת זהותה היהודית של המדינה.",הצבת התורה והזהות היהודית בלב הדיון הציבורי והמדיני.,JDL; תנועת כך; אלן דרשוביץ,https://open.spotify.com/episode/7aTrR9GQVvo3kwZrfhAuIj?si=_hnfvF-wT06Aqi3ZB0hU9w&context=spotify%3Ashow%3A4nrvg1RLAoxg9C0vVYM8qv
177,חכם,דונש בן לברט,920–990,מרוקו וספרד,תור הזהב בספרד,שירה ודקדוק,"פיוט, משקל ערבי, דקדוק",המשורר והבלשן שחולל מהפכה בשירה העברית והכניס אליה את המשקל הערבי.,יצירת שירה עברית אמנותית מודעת לעצמה.,רב סעדיה גאון; מנחם בן סרוק,
178,חכם,רבי רפאל עמנואל חי ריקי,1687–1743,איטליה וירושלים,אחרונים,קבלה ופרשנות,"משנת חסידים, יושר לבב, קבלת האר""י","מקובל, פייטן ופרשן משנה, מן הדמויות הבולטות בקבלת איטליה.","שילוב קבלת האר""י עם הוראה שיטתית וספרות הלכתית-קבלית.","האר""י; הרש""ש; האור החיים",https://open.spotify.com/episode/3Foy6VcyWU352VPpw1z1cp?si=jaoMkKODSduL9jAf58zdww
179,חכם,ר' אלעזר בירבי קליר,המאה ה-6–7,ארץ ישראל,פיוט קדום,פיוט,"קלירי, פיוט הטל, יניי","גדול הפייטנים הקדומים, שעיצב את שפת התפילה והפיוט לדורות.","פיוט כשפה עמוקה של מדרש, לשון וסוד.","יניי; רש""י; האר""י; אבן עזרא",https://open.spotify.com/episode/32xvqy7PMQACaWnJsbqMlG?si=FWNMNn1aTqi2Q30dGOdW6w&context=spotify%3Ashow%3A4nrvg1RLAoxg9C0vVYM8qv
180,חכם,הרב עקיבא איגר,1762–1837,פוזנא,אחרונים,הלכה ולמדנות,"גיליון הש""ס, פסיקה, למדנות",הגאון העניו שעיצב את הלמדנות הישיבתית המודרנית.,שאלות חדות וחשיבה אנליטית ככלי חינוכי ותלמודי.,ר' יוסף זונדל מסלנט; ר' צבי הירש קלישר; ר' אליהו גוטמכר,https://open.spotify.com/episode/6u60Ab2ZLOPQjjIcY4kwBC?si=kZNrKNSbQW6E2fT4fOqDcw&context=spotify%3Ashow%3A4nrvg1RLAoxg9C0vVYM8qv
181,חכם,הרב אליהו גוטמכר,1796–1874,גריידיץ,אחרונים,קבלה וגאולה מעשית,"יישוב הארץ, קלישר, משיחיות",מקובל ומבשר ציונות דתית שראה בהתיישבות בארץ את ראשית הגאולה.,"הגאולה מתחילה במעשה – התיישבות, חקלאות ומצוות התלויות בארץ.",רבי עקיבא איגר; הרב צבי הירש קלישר,https://open.spotify.com/episode/3iEFTRWSwf4AJJ7lCw5SHe?si=W7kQzorhSIiFfwM6khgvjQ&context=spotify%3Ashow%3A4nrvg1RLAoxg9C0vVYM8qv
182,חכם,רבי משה הדרשן מנרבונה,המאה ה-11,נרבונה,ראשונים,מדרש,"ספר יסוד, בראשית רבתי","החכם שעיצב את עולם המדרש באירופה והשפיע עמוקות על רש""י.",שימור ועיבוד אוצרות מדרש קדומים בתוך פרשנות אירופית.,"רש""י; רבי נתן מרומי",https://open.spotify.com/episode/1PpzvwnJnR9ssTIwkuP4Lj?si=6Muo4ngpS_yzlOrCWj4iKw&context=spotify%3Ashow%3A4nrvg1RLAoxg9C0vVYM8qv
183,חכם,רבי נתן מרומי (בעל הערוך),1038–1106 לערך,רומא,ראשונים,לשון התלמוד,ספר הערוך,החכם שפענח את שפת התלמוד ושימר את תורת הגאונים.,הבנת מילה כהצלה של מסורת שלמה.,"רב האי גאון; רבינו חננאל; רש""י",https://open.spotify.com/episode/2KCKjcc8V8h7lzmGQjwBoh?si=RWN7a6FIQVqo2M8_LANwVQ&context=spotify%3Ashow%3A4nrvg1RLAoxg9C0vVYM8qv
184,חכם,רבי יצחק אבן גיאת,1038–1089,"לוסינה, ספרד",ראשונים,הלכה ושירה,"הלכות כלולות, פיוט",האיש שחיבר בין בבל לספרד והניח יסודות לתור הזהב הספרדי.,שימור מסורת הגאונים תוך הולדת תרבות חדשה בספרד.,"שמואל הנגיד; הרי""ף; רמב""ן",https://open.spotify.com/episode/46NRbx8KdsxCK30BzV4tyN?si=pxuZjP4ESgGnvZFtpTq-Og&context=spotify%3Ashow%3A4nrvg1RLAoxg9C0vVYM8qv
185,חכם,"רבי יהודה בן נתן (הריב""ן)",המאה ה-11–12,טרואה,ראשוני צרפת,פרשנות תלמוד,"רש""י, תוספות","החוליה המחברת בין רש""י לבעלי התוספות.",מעבר אורגני מן הפשט אל הדיאלקטיקה.,"רש""י; מרים בת רש""י; בעלי התוספות",https://open.spotify.com/episode/1hZbLF24hEHNSungFw9wDI?si=m9RN_vjjQJ6HY2USgVzMGQ&context=spotify%3Ashow%3A4nrvg1RLAoxg9C0vVYM8qv
186,חכם,"ר' יצחק בן אשר הלוי (ריב""א הראשון)",המאה ה-11,שפיירא,בעלי התוספות,תלמוד,"תוספות, ריב""א",האיש שהפך את בית המדרש למעבדה של חשיבה.,השוואת סוגיות ויצירת שפה דיאלקטית חדשה.,"רש""י; רבנו תם; הראב""ן",https://open.spotify.com/episode/0Mz2W0BVeqiMBdoN55MrM3?si=uEjaFbiKS7WFOI5-FolDRg&context=spotify%3Ashow%3A4nrvg1RLAoxg9C0vVYM8qv
187,חכם,רבי מאיר בן שמואל מרמרו,1060–1135,צרפת / רמרו,"דור המעבר מרש""י לבעלי התוספות","תלמוד, הלכה ושיטת לימוד","רש""י, רבנו תם, תוספות, כל נדרי","חתנו של רש""י ואבי רבנו תם והרשב""ם, מן הדמויות שעיצבו את המעבר מן הביאור הישיר של רש""י אל הדיאלקטיקה התוספותית.","ראיית הש""ס כגוף אורגני אחד וחיפוש עקביות מושגית בין סוגיות ומסכתות.","רש""י; רבנו תם; הרשב""ם; בעלי התוספות",https://open.spotify.com/episode/3112BV2vntKp6ZDRAWMYIe?si=jXz3QmrrSqiz6B6XSc2hdQ&context=spotify%3Ashow%3A4nrvg1RLAoxg9C0vVYM8qv
188,חכם,הרב אפרים מקלעת־חמאד,בערך 1050–1150,"קלעת בן חמאד, צפון אפריקה",ראשוני צפון אפריקה,"הלכה, נוסח ודקדוק","הרי""ף, דקדוק עברי, ביקורת נוסח, קירואן","מן הדמויות העמוקות שבין תקופת הגאונים לראשוני ספרד ופרובנס, 'תלמיד חבר' של הרי""ף. הגהותיו נטמעו בספר ההלכות, והוא שילב רגישות פילולוגית ודקדוקית בתוך הפסיקה.","החדרת דיוק לשוני וביקורת נוסח ככלים הלכתיים מהותיים, מתוך נאמנות למסורת ואומץ אינטלקטואלי.","הרי""ף; רבי שלמה אבן פרחון; הראב""ד; בעל המאור; הרמב""ן",https://open.spotify.com/episode/5teJp1U9ghLdy4CXNAusRN?si=uqTLoA-PT_yqmv9eyGRw6g&context=spotify%3Ashow%3A4nrvg1RLAoxg9C0vVYM8qv&t=88
189,חכם,"המהר""י מינץ",1405–1508,גרמניה ואיטליה / פדובה,סוף ימי הביניים והרנסנס,הלכה והנהגה קהילתית,"פדובה, רנסנס, פסיקה אשכנזית, פורים","רב, פוסק וזקן הדור שהעביר את מרכז התורה האשכנזי אל איטליה של הרנסנס. הנהיג את יהדות פדובה ושילב נאמנות למסורת עם התמודדות הלכתית יצירתית.","עיצוב הנהגה הלכתית השומרת על סמכות המסורת בתוך מציאות רנסנסית פתוחה ומשתנה, תוך איזון בין תקיפות לגמישות.","מהר""ם פאדובה; הרמ""א; אליהו דלמדיגו; דון יצחק אברבנאל",https://open.spotify.com/episode/2UFLK856gB3r5MDYUiO2mV?si=GMJjiZMzQjK1asCeXsrPzg&context=spotify%3Ashow%3A4nrvg1RLAoxg9C0vVYM8qv
190,חכם,"מהר""י ברונא",1400–1480 בקירוב,מוראביה וגרמניה,סוף הראשונים באשכנז,"הלכה ושו""ת","אשכנז, שו""ת, רדיפות, הרמ""א","מן הסמכויות ההלכתיות המרכזיות באשכנז במאה ה־15, שחי תחת גירושים, מאסרים ועלילת דם. שו""ת מהר""י ברונא נעשו מקור יסוד בהגהות הרמ""א.",שימור רציפות ההלכה האשכנזית מתוך פסיקה מציאותית ואחראית בתקופה של רדיפות ומשברים קהילתיים.,"רבי יעקב וייל; רבי ישראל איסרלן; תרומת הדשן; הרמ""א",https://open.spotify.com/episode/675qg10QyWmdYgW9TyQyUB?si=0tKIc58TT-CFGBpIu5BVSw&context=spotify%3Ashow%3A4nrvg1RLAoxg9C0vVYM8qv
191,חכם,רבי שמריה משפירא,המאה ה־12,"שפירא, אשכנז",ראשוני בעלי התוספות,"תלמוד, תוספות וליטורגיה","שפירא, תוספות, נוסח הברכות, קינות","מראשוני בעלי התוספות באשכנז ודמות מפתח בקהילת שפירא. היה שותף לעיצוב השיטה הדיאלקטית בלימוד, קיבע מסורות ליטורגיות והנהיג קהילה תחת רדיפות.",שילוב בין יצירתיות למדנית תוספותית לבין נאמנות עמוקה למנהגי אשכנז ולעיצוב חיי הקהילה והתפילה.,"הריב""א; רבנו תם; חכמי שו""ם; מהר""ם מרוטנבורג",https://open.spotify.com/episode/30fXDBvnqGwwpGM9TOLv4b?si=dlQTW54rRr-oKsrYG4ch6w&context=spotify%3Ashow%3A4nrvg1RLAoxg9C0vVYM8qv
192,חכם,רבנו יהודה בן ברזילי הברצלוני,המאה ה־11–12,"ברצלונה, ספרד",ראשוני ספרד,"הלכה, קודיפיקציה והגות","ספר העתים, ספר יצירה, גאונים, ברצלונה","מגדולי חכמי ספרד בראשית תקופת הראשונים, שביקש לבצר את מסורת הגאונים באמצעות קודקסים רחבים ומפורטים. כתב חיבורים הלכתיים מקיפים ושילב גם עיון תיאולוגי.","שימור תורת הגאונים באמצעות אנציקלופדיה הלכתית רחבה, תוך העמדת יסודות לרציונליזם יהודי מוקדם.","הרמב""ן; הראב""ד; הרשב""א; הריטב""א; אברהם בר חייא",https://open.spotify.com/episode/0uroeWWeUqiYdTgvlJT7eo?si=lzIsCKg0SzGuNlsXe0c6fA&context=spotify%3Ashow%3A4nrvg1RLAoxg9C0vVYM8qv
193,חיבור,ספר הכוזרי,1139,ספרד / אל־אנדלוס,תור הזהב של ספרד,הגות ואמונה,"רבי יהודה הלוי, אמונה, סיני, ארץ ישראל","אחד מחיבורי היסוד של המחשבה היהודית, שנכתב בידי רבי יהודה הלוי בערבית יהודית. מציג הגנה מקורית על היהדות דרך ההיסטוריה, ההתגלות הלאומית והקשר בין עם, מצוות וארץ.","ביסוס האמונה היהודית על זיכרון היסטורי לאומי והתגלות ציבורית, ולא רק על הוכחה פילוסופית מופשטת.","רבי יהודה הלוי; הרמב""ם; הרב קוק; ביאליק",https://open.spotify.com/episode/0E55prQ6VaFsIXKSiCpDe3?si=XrQKU-Z0TgKEvgDDjH-MFQ&context=spotify%3Ashow%3A4nrvg1RLAoxg9C0vVYM8qv
194,דמות מקראית,אסתר המלכה,התקופה הפרסית,"שושן הבירה, פרס",מקרא / ראשית בית שני,"מנהיגות, מגילה וזהות לאומית","פורים, מגילת אסתר, הסתר פנים, הנהגה נשית","דמות מקראית מרכזית שהפכה מאישה נסתרת בארמון זר למנהיגה המצילה את עמה. סיפורה מציג הנהגה הפועלת מתוך הסתר, תבונה, תזמון ואחריות לאומית.","מודל של הנהגה מתוך הסתר פנים – פעולה חכמה, איטית ומתוזמנת בתוך מערכות כוח קיימות לשם הצלת הכלל.",מרדכי; אחשוורוש; המן; חג הפורים,https://open.spotify.com/episode/4WssFuGXzvEgr2GstxIHfx?si=kSm4lN-zTlybZtLShb4GwA&context=spotify%3Ashow%3A4nrvg1RLAoxg9C0vVYM8qv
195,דמות היסטורית,הלני המלכה,המאה ה־1 לספירה,חדייב וירושלים,ימי הבית השני,"מלוכה, צדקה והלכה","חדייב, ירושלים, גיור, בית המקדש","מלכת חדייב שבחרה לקשור את גורלה בעם ישראל ובירושלים. נודעה בגיורה, בנדיבותה בשנות הרעב, בתרומותיה למקדש ובמעמדה בספרות חז""ל.","הפיכת כוח מלכותי זר למחויבות עמוקה לתורה, לחסד ולחיי ירושלים, עד כדי השתלבות בעולמה ההלכתי והרוחני של האומה.","איזטס; מונבז; יוסף בן מתתיהו; חז""ל",https://open.spotify.com/episode/5M7imLXlORpy1YE9QyPA25?si=nmmMsJV3SNmRvD3GN07z_w&context=spotify%3Ashow%3A4nrvg1RLAoxg9C0vVYM8qv
196,דמות מקראית,חולדה הנביאה,"המאה ה־7 לפנה""ס",ירושלים,ימי בית ראשון,"נבואה, מקדש וקנון התורה","יאשיהו, ספר התורה, נביאה, בית המקדש","נביאה בירושלים בימי המלך יאשיהו, שאליה פנו המלך והכהן הגדול לאחר גילוי ספר התורה במקדש. אישורה הנבואי מציב אותה בנקודת מעבר בין נבואה חיה לסמכות התורה הכתובה.","אישור סמכותו של הטקסט המקודש מתוך נבואה, והצבת דמות נשית כסמכות רוחנית עליונה ברגע מכריע.",המלך יאשיהו; ירמיהו; צפניה; ספר מלכים,https://open.spotify.com/episode/6NbBfNFBopFpH9DywPQzS1?si=f1UZHurBSPWgKeD5wUd1-w&context=spotify%3Ashow%3A4nrvg1RLAoxg9C0vVYM8qv
197,חכם,"הרא""ם ממיץ",המאה ה־12,צרפת ואשכנז,בעלי התוספות,"הלכה, מצוות ומוסר","ספר יראים, רבנו תם, יראת שמים, מצוות","מגדולי הראשונים בצרפת ואשכנז, תלמידם של רבנו תם והרשב""ם. בספרו 'ספר יראים' הציג את המצוות לא רק כמערכת דינים אלא כדרך לעיצוב האדם.","סידור המצוות כמבנה רוחני־מוסרי כולל, שבו ההלכה נועדה לעצב את נפש האדם ולא רק להכריע בדין.","רבנו תם; הרשב""ם; רבי חיים כהן מפריז; רבי אלעזר מגרמייזא; האור זרוע",https://open.spotify.com/episode/6J1axbvjzcVZFeEI2lU1IV?si=wAeaI5T6TDSElvMR_MhZ1w&context=spotify%3Ashow%3A4nrvg1RLAoxg9C0vVYM8qv
198,חכם,רבי יצחק בן יעקב הלבן מפראג,המאה ה־12,"פראג, רגנסבורג, צרפת ואשכנז",ראשוני בעלי התוספות,"תלמוד, תוספות ופיוט","רבנו תם, פראג, תוספות ישנים, פיוט","מן הדמויות הבולטות בדור הראשונים בבוהמיה ואשכנז, שלמד אצל רבנו תם והריב""א. יצר גשר בין המרכזים התורניים של צרפת ואשכנז וביסס את פראג כמרכז תורה חשוב.","שילוב בין חריפות התוספות הצרפתית לבין פסיקה אשכנזית מעשית, תוך יצירת רשת השפעה בין־אירופית.","רבנו תם; הריב""א; פתחיה מרגנסבורג; האור זרוע; המרדכי; הטור",https://open.spotify.com/episode/5evpNS9R4Cq5EESziQyspA?si=nWAdF8wJRRCeg3TWLlZ6qw&context=spotify%3Ashow%3A4nrvg1RLAoxg9C0vVYM8qv
199,חכם,"הרב אליעזר בן נתן (ראב""ן)",1090–1170 בקירוב,"מגנצא, אשכנז",ראשוני אשכנז,"הלכה, זיכרון היסטורי ופסיקה","אבן העזר, גזרות תתנ""ו, אשכנז, מנהג","מעמודי התווך של יהדות אשכנז במאה ה־12, שחווה בילדותו את זוועות מסעי הצלב והפך גם לפוסק חשוב וגם למתעד מרכזי של החורבן.","הפיכת זיכרון החורבן ליסוד של בנייה הלכתית ורוחנית, תוך נאמנות עמוקה למסורת הראשונים ולמנהגי אשכנז.","רבנו תם; הרשב""ם; הרא""ש; בעל הטורים",https://open.spotify.com/episode/5QGbbhxhb2hremjTS5I9E8?si=wQyrfYb9SgeVnHb998KX6w&context=spotify%3Ashow%3A4nrvg1RLAoxg9C0vVYM8qv
200,דמות מקראית,אביגיל,תקופת דוד,"כרמל, יהודה",ראשית המלוכה בישראל,"מנהיגות, נבואה ומוסר","דוד, נבל הכרמלי, נביאה, הנהגה נשית","מן הדמויות המרשימות בתנ""ך, שבלמה את דוד בשעת כעס ומנעה שפיכות דמים. בנאום קצר ומדויק החזירה אותו אל ייעודו המוסרי והמלכותי.",כוחו של דיבור מוסרי ומפוכח לעצור מנהיג ברגע של סכנה ולהשיבו אל ייעודו ואל אחריותו ההיסטורית.,דוד המלך; נבל הכרמלי; ספר שמואל,https://open.spotify.com/episode/685JbRdiP4dZzM9Mxg4VSd?si=xaFj3HqLQnenEGLFUzp0ew&context=spotify%3Ashow%3A4nrvg1RLAoxg9C0vVYM8qv
201,חכם,ר״י הזקן מדמפייר,1115–1190,"דמפייר, צרפת",בעלי התוספות,"תלמוד, תוספות והנהגה","דמפייר, תוספות, רבנו תם, שיטת חילוקים","מגדולי בעלי התוספות ומנהיג מרכזי לאחר רבנו תם. בישיבתו בדמפייר יצר מודל לימוד קולקטיבי, שבו כל הש״ס נתפס כמערכת אחת הרמונית.",בניית שיטת לימוד קולקטיבית־השוואתית המיישבת סתירות בין סוגיות ומעצבת את התלמוד כגוף אחד חי.,רבנו תם; הריצב״א; בעל האור זרוע; הר״ש משאנץ; בעל התרומה,https://open.spotify.com/episode/6eSJxUuvK7zTeZR5ODaTfi?si=aqBw9SKaR5ys4TN1JpT5IA&context=spotify%3Ashow%3A4nrvg1RLAoxg9C0vVYM8qv
202,חכם,הרשב״ם,1085–1158 לערך,צרפת,בעלי התוספות,פרשנות מקרא ותלמוד,"פשוטו של מקרא, רש״י, תוספות, פרשנות","נכדו הבכור של רש״י ומגדולי בעלי התוספות, שהדגיש בפירושו לתורה את פשוטו של מקרא ואת ההקשר הלשוני והסיפורי של הפסוקים.","הארת פשוטו של מקרא כרובד עצמאי בתוך שלמות התורה, בלי לגרוע מתוקפה של התורה שבעל פה.",רש״י; רבנו תם; ר״י הזקן; בעלי התוספות,https://open.spotify.com/episode/5BCGheSFuMCKwGBnlNLHSz?si=zEjQ73uoR1e_eTUEg9XwNA&context=spotify%3Ashow%3A4nrvg1RLAoxg9C0vVYM8qv
203,חכם,רבי סעדיה שוראקי,1603–1704,"תלמסאן, אלג׳יריה",העת החדשה המוקדמת,"הלכה, מדע ומתמטיקה","תלמסאן, מונה מספר, מתמטיקה, שבתאות","מגדולי חכמי תלמסאן, שפעל כפוסק, פייטן ומנהיג קהילה לצד עיסוק מדעי בולט. בספרו 'מונה מספר' הנגיש מתמטיקה בעברית לצרכים הלכתיים וקהילתיים.","שילוב המדע והמתמטיקה ככלים לעבודת ה׳ ולניהול קהילה, מתוך נאמנות להלכה ולרציונליזם יהודי.",קהילת תלמסאן; רבי אפרים אנקווה; אנדרה שוראקי,https://open.spotify.com/episode/6NTm83GThq84iPCuaL50gA?si=s-s9uHRwSeaUvLc9qfyY-w&context=spotify%3Ashow%3A4nrvg1RLAoxg9C0vVYM8qv
204,חכם,רבי יהונתן הכהן מלוניל,1135 בערך–1211,"לוניל, פרובנס ועכו",ראשוני פרובנס,"הלכה, פרשנות והפצת הרמב״ם","פרובנס, הרי״ף, הרמב״ם, עליית שלוש מאות הרבנים","מגדולי חכמי פרובנס, שפירושו לרי״ף הנגיש את הלימוד לדורות של תלמידים באירופה. היה מן הראשונים שזיהו את עומק שיטת הרמב״ם והתכתב עמו.","יצירת גשר בין אשכנז, ספרד ופרובנס, תוך הפצת שיטת הרמב״ם והנגשת הרי״ף והמשנה ללומדי אירופה.",הרמב״ם; הרי״ף; חכמי לוניל; עליית שלוש מאות הרבנים,https://open.spotify.com/episode/2PHGW9Z6HiOIHqumtWFHNl?si=zCvJSlgZSlSK3n7CHYfwgg&context=spotify%3Ashow%3A4nrvg1RLAoxg9C0vVYM8qv
205,חכם,הריצב״א,המאה ה־12–13,צרפת,בעלי התוספות,"תלמוד, תוספות וסוד","ר״י הבחור, רבנו תם, ר״י הזקן, מעשה מרכבה",מן הדמויות המרכזיות בדור שלאחר רבנו תם בעולם התוספות. שילב עצמאות למדנית ושימוש רחב בירושלמי עם מוניטין של איש חזיונות וסודות הבריאה.,"חיבור נדיר בין חריפות דיאלקטית תלמודית לבין עומק מיסטי, כגשר בין אשכנז, ספרד ועולמות הסוד.",רבנו תם; ר״י הזקן; הרמב״ם; רבי יהודה בר יקר; רבי יחיאל מפאריס,https://open.spotify.com/episode/0fIS5dc7OCTq1C6amM82LT?si=tqcgKwdFQPuRVDKuMbTmkQ&context=spotify%3Ashow%3A4nrvg1RLAoxg9C0vVYM8qv
206,חכם,רבי אלעזר מגרמייזא (בעל הרוקח),1160–1238 בקירוב,"וורמייזא, אשכנז",חסידי אשכנז,"הלכה, קבלה ותפילה","הרוקח, חסידי אשכנז, תפילה, גימטריה","מגדולי חכמי אשכנז, פוסק ומקובל שתורתו צמחה מתוך טרגדיה אישית קשה. בספר הרוקח שילב הלכה, מנהג, מוסר וסוד.","ראיית התפילה והמצווה כמבנים רוחניים מדויקים של אותיות ומשמעויות, תוך חיבור בין הלכה קפדנית לחוויה מיסטית.",רבי יהודה החסיד; ספר הרוקח; רבי יצחק מווינה; חסידי אשכנז,https://open.spotify.com/episode/1xnTTOc3bgPDd10LUBerVb?si=dXsPDQEQQJuMMb0x15nrlA&context=spotify%3Ashow%3A4nrvg1RLAoxg9C0vVYM8qv
207,דמות היסטורית,שלומציון המלכה,76–67 לפנה״ס,ממלכת יהודה,ימי הבית השני,"מלוכה, הנהגה ומדיניות","חשמונאים, שמעון בן שטח, פרושים, צדוקים","מלכת יהודה בתקופה החשמונאית, שהשיבה יציבות לממלכה שסועה באמצעות פיוס פנימי, חיזוק חכמי התורה וביצור מדיני.","שילוב בין הנהגה רוחנית־תורנית לבין ריאליזם מדיני, תוך בניית מוסדות וחיזוק החברה במקום הסתמכות על מלחמות כיבוש.",שמעון בן שטח; אלכסנדר ינאי; הורקנוס השני; אריסטובולוס השני,https://open.spotify.com/episode/1K7M9BQXbRu0lrv4M2gtNu?si=_BjEGP_5TkWDmooM6iq08A&context=spotify%3Ashow%3A4nrvg1RLAoxg9C0vVYM8qv
208,דמות מקראית,חנה הנביאה,תקופת המשכן בשילה,שילה,תקופת השופטים,"תפילה, נבואה ומלכות","שמואל, תפילת העמידה, ה׳ צבאות, משיח","דמות מקראית מהפכנית, שהפכה את התפילה מעבודה חיצונית לשפיכת נפש פנימית לפני ה׳. תפילתה ושירתה נעשו מקור יסוד להלכות תפילה.","כינון התפילה הפנימית כעבודת לב, והפיכת כאב אישי לנבואה לאומית על מלכות, היסטוריה ותיקון העולם.",שמואל הנביא; עלי הכהן; אלקנה; פנינה,https://open.spotify.com/episode/2olkESl0VSSrcsibuXGG6I?si=iTH3BgW8TM2iBFmMjZ5_RA&context=spotify%3Ashow%3A4nrvg1RLAoxg9C0vVYM8qv
209,חכם,רבי משולם מבדרש,1160–1238/1250,"בדרש / בזייה, פרובאנס",ראשוני פרובנס,הלכה ופולמוס אמוני,"בעל ההשלמה, רמב״ם, ספר הבהיר, פרובאנס","מגדולי חכמי פרובאנס ומחבר 'ספר ההשלמה', שביקש להשלים ולעדכן את הרי״ף. הגן על הרמב״ם אך נאבק בחיבורים קבליים מוקדמים שנראו לו כמסכנים את טוהר האמונה.","איחוד למדנות עמוקה, נאמנות למסורת ואומץ אינטלקטואלי במאבק על טוהר האמונה ועל דרך ההלכה הפרובנסלית.",הרמב״ם; הרי״ף; הרמב״ן; המאירי; חכמי לוניל; ספר הבהיר,https://open.spotify.com/episode/5LmJs1gNXoe2H539PdAfrl?si=9YCUMN5BQIyv9Z9dzAYCfA&context=spotify%3Ashow%3A4nrvg1RLAoxg9C0vVYM8qv
210,חכם,רבי יהודה בן ברכיה,המאות ה־12–13,פרובאנס,ראשוני פרובנס,"הלכה, תלמוד ופירוש הרי״ף","שיטת ריב״ב, הרי״ף, גאונים, רמב״ם","מחכמי פרובאנס שיצר פירוש רחב על הלכות הרי״ף. שיטתו שילבה פשט, ביקורת על הרי״ף, מסורת גאונים והשוואה לפסקי הרמב״ם.","הפיכת פרובאנס לגשר חי בין מסורת הגאונים, הרי״ף, הרמב״ם ובעלי התוספות.",הרי״ף; בעל המאור; רב האי גאון; ר״י אבן גיאת; הרמב״ם; הרמב״ן; הרשב״א,https://open.spotify.com/episode/647NStP3Z8X3LRqObcCXUZ?si=KByF2c3MQAKtqw4L_2KQFg&context=spotify%3Ashow%3A4nrvg1RLAoxg9C0vVYM8qv
211,חכם,רבינו מנוח מנרבונה,סוף המאה ה־13–ראשית המאה ה־14,"נרבונה ולוניל, פרובאנס",ראשונים מאוחרים בפרובאנס,פרשנות הרמב״ם והלכה,"ספר המנוחה, משנה תורה, רמב״ם, ראב״ד","מן המפרשים החשובים על משנה תורה לרמב״ם. בספרו 'ספר המנוחה' ביקש ליישב את פסקי הרמב״ם עם התלמוד, הירושלמי, מדרשי ההלכה והשגות הראב״ד.",הבאת הלומד ל'מנוחה' באמצעות פירוק סתירות והצגת שורשי פסיקת הרמב״ם במקורות חז״ל.,הרמב״ם; הראב״ד; רבי מאיר בן שמעון המעילי; רבי ראובן בן חיים; רבי יוסף קארו; החיד״א,https://open.spotify.com/episode/5ZEbOOmd6ZsVbEz1crhtgC?si=Jo_PSoPnQlab6O6a9Kn3Og&context=spotify%3Ashow%3A4nrvg1RLAoxg9C0vVYM8
212,חכם,רבי ראובן בן חיים מנרבון,נפטר לפני 1276,"נרבון, פרובאנס",המאה ה־13,"הלכה, תפילה ופילוסופיה","ספר התמיד, תפילה, רמב״ם, מאירי","חכם ופילוסוף פרובנסלי שפעל בצומת שבין בעלי התוספות, הרמב״ם והמסורת ההלכתית של הראב״ד. חיבורו 'ספר התמיד' שילב הלכה, ליטורגיה ופילוסופיה.","הפיכת סדר התפילה והיום היהודי למרחב עיוני המחבר הלכה, פירוש תפילה ומחשבה מיימונית.",הראב״ד; רבי יצחק הכהן מנרבון; המאירי; ארחות חיים; כלבו; רבי דוד אבודרהם,https://open.spotify.com/episode/6Rb28PgOQeeq58bX2clspL?si=grMTWjtrSuClWSyf68Q-Kg&context=spotify%3Ashow%3A4nrvg1RLAoxg9C0vVYM8qv
213,חכם,רבי נתן בן רבי מאיר מטרינקטיי,סוף המאה ה־12–ראשית המאה ה־13,"טרינקטיי / ארל, פרובאנס",ראשוני פרובנס,"הלכה, תוספות וקבלה מוקדמת","שער התפיסה, רמב״ן, הרי״ף, ראב״ד","מחכמי פרובאנס הגדולים, שחיבר בין הדיאלקטיקה של בעלי התוספות, השיטתיות הפרובנסלית וסמכות הרי״ף והראב״ד. השפיע עמוקות על הרמב״ן ועל מסורת הפסיקה.","יצירת מתודה למדנית המחברת בין צרפת, פרובאנס וספרד, ומשמשת יסוד לדרכו של הרמב״ן.",הריצב״א; הרמב״ן; רבי שמואל הסרדי; ספר התרומות; הראב״ד; רבי יצחק סגי נהור,https://open.spotify.com/episode/46wLVmOtDctapvhIXVcT8T?si=hAA8wRPjR4yQkWjgh8MbMw&context=spotify%3Ashow%3A4nrvg1RLAoxg9C0vVYM8qv
214,חכם,רבנו פרחיה בן ניסים,המאה ה־13,מצרים,דור שלאחר הרמב״ם,"הלכה, תלמוד ומורשת הרמב״ם","רמב״ם, הרי״ף, מצרים, פולמוס מיימוני","מחכמי מצרים הבולטים בדור שלאחר הרמב״ם, שכתב פירושים להלכות הרי״ף ועמד בחזית ההגנה על תורת הרמב״ם מול מתנגדיה.","שימור מורשת הרמב״ם והמשך שיטתו התלמודית, תוך אחריות ציבורית למסורת המיימונית.",הרמב״ם; רבי אברהם בן הרמב״ם; רבי חננאל בן שמואל; רבי שלמה פטיט מעכו,https://open.spotify.com/episode/3AjzdU1SkSoQHf4tQAoeJr?si=1jRNjqR6SHyJsGCfZIcKpQ&context=spotify%3Ashow%3A4nrvg1RLAoxg9C0vVYM8qv
215,חכם,רבי דוד קמחי,1160–1235,"נרבונה, פרובאנס",ראשונים,פרשנות מקרא ודקדוק עברי,"רד״ק, פשט, דקדוק, ספר השורשים, פולמוס הרמב״ם","מגדולי פרשני המקרא והמדקדקים, שנודע כ'ראש המדקדקים'. הפך את תורת הדקדוק הספרדית המורכבת לשיטה בהירה ונגישה ללומדי התורה באירופה.","שילוב דיוק לשוני, פשט, הבנה היסטורית ונאמנות למסורת ככלי מרכזי להבנת עומק המקרא.",רבי יוסף קמחי; רבי משה קמחי; הרמב״ם; חכמי פרובאנס,https://open.spotify.com/episode/7t7Mwzw5zr9XQ4uPrDcKcz?si=Et0n7kpzSJqnYmQuaWnlWQ&context=spotify%3Ashow%3A4nrvg1RLAoxg9C0vVYM8qv
216,חכם,רבי לוי בן גרשון,1288–1344,פרובאנס,ראשונים,"פילוסופיה, פרשנות, מתמטיקה ואסטרונומיה","רלב״ג, מלחמות ה׳, שכל, בחירה חופשית, מדע","מן ההוגים הנועזים בימי הביניים: פילוסוף, פרשן, מתמטיקאי ואסטרונום. ביקש להבין את התורה דרך השכל ואת השכל דרך התורה.","העמדת השכל ככלי מרכזי להשגת האמת, גם במחיר ניסוחים נועזים בסוגיות ידיעת ה׳, בחירה חופשית ונצחיות הנפש.",הרמב״ם; אריסטו; שפינוזה; לייבניץ,https://open.spotify.com/episode/0m3vCYb6YqsaSJvD0cZfXy?si=SnX5flLQTAqOUou12h90fw&context=spotify%3Ashow%3A4nrvg1RLAoxg9C0vVYM8qv
217,חכם,שמואל בן יצחק,1190–1256,"ברצלונה, ספרד",ראשונים,הלכה ודיני ממונות,"רבנו שמואל הסרדי, ספר התרומות, ממונות, משפט עברי",מגדולי חכמי ספרד במאה ה־13 ואחד ממעצבי המשפט העברי. חיבורו 'ספר התרומות' סידר לראשונה באופן שיטתי תחום שלם של דיני ממונות.,"הפיכת ההלכה המשפטית לשפה חיה, נגישה ושיטתית עבור דיין, סוחר וקהילה כלכלית ממשית.",הרמב״ן; רבי נתן בן מאיר מטרינקטיי; הטור; שולחן ערוך,https://open.spotify.com/episode/5Cdc9RvxyriLFWPFMRfciK?si=P9JIX4Q4TCCtqmGdnswLcA&context=spotify%3Ashow%3A4nrvg1RLAoxg9C0vVYM8qv
218,חכם,מימון בן יוסף (אב הרמב״ם),1110 בקירוב–1165/1170,"קורדובה, מרוקו, ארץ ישראל ומצרים",ראשונים,"הלכה, הנהגה, מדע וחינוך","רב מימון הדיין, איגרת הנחמה, רמב״ם, אנוסים","דיין ומנהיג שהיה החוליה המקשרת בין תור הזהב של ספרד לבין מהפכת הרמב״ם. הנהיג קהילות נרדפות, חיזק אנוסים ויצר בביתו הרמוניה בין תורה, מדע ושכל.","הנחת היסודות האנושיים, ההלכתיים והרעיוניים שמהם צמחה שיטת הרמב״ם.",הר״י מיגאש; הרי״ף; הרמב״ם; רבי אברהם בן הרמב״ם; משה הדרעי,https://open.spotify.com/episode/0N9JxxpJynDDTur8c5c0fd?si=H3uqUkfiSRSw3pYMwoKbnA&context=spotify%3Ashow%3A4nrvg1RLAoxg9C0vVYM8qv
219,חכם,רבי מאיר הלוי אבולעפיה,המאה ה־13,"טולדו, ספרד",ראשונים,"הלכה, מסורה והנהגה ציבורית","הרמ״ה, יד רמה, מסורת סייג לתורה, פולמוס הרמב״ם","פוסק, ראש ישיבה ונשיא בעל סמכות ציבורית בטולדו. עסק בפסיקה, בהנהגה, בפולמוס אמוני ובדיוק נוסח ספר התורה עד האות האחרונה.",שמירת המסורת ההלכתית והמסורת הטקסטואלית מול פילוסופיה קיצונית וערעור יסודות האמונה.,הרמב״ם; חכמי טולדו; בעלי המסורה; חכמי ספרד,https://open.spotify.com/episode/3DlGOty8LZ8KGhLiLcyqjs?si=qUZCJQNiTvi_JSDfbNgPTQ&context=spotify%3Ashow%3A4nrvg1RLAoxg9C0vVYM8qv
220,חכם,רבי אהרן הלוי,1231–1303,"ברצלונה, טולדו ומונטפלייר",ראשונים,"הלכה, תלמוד וביקורת פסיקה","הרא״ה, בדק הבית, תורת הבית, שיטה קטלונית","תלמיד הרמב״ן ומעמודי השיטה הקטלונית, ששילבה עומק תוספתי עם בהירות ספרדית. בחיבורו 'בדק הבית' בחן מחדש את 'תורת הבית' של הרשב״א.","נאמנות למסורת אינה רק שימור, אלא בדיקה מחודשת ואחראית כדי לשמור את ההלכה חיה ומדויקת.",הרמב״ן; הרשב״א; הריטב״א; רבי קרשקש וידאל; רבי פנחס הלוי,https://open.spotify.com/episode/1VCc2NTp4Fx2MnomLuC2YQ?si=bWARJNFER7uSYu75cFYiWw&context=spotify%3Ashow%3A4nrvg1RLAoxg9C0vVYM8qv
221,חכם,רבי שלמה בן אברהם,1235–1310 בקירוב,"ברצלונה, ספרד",ראשונים,"הלכה, הנהגה קהילתית ופולמוס אמוני","רשב״א, תורת הבית, שו״ת, ברצלונה, פולמוס הפילוסופיה","מגדולי הפוסקים והמנהיגים בתולדות התורה. עמד בראש קהילת ברצלונה, הנהיג ציבור, עיצב דיני קהילה וכתב אלפי תשובות שהשפיעו על כל עולם ההלכה.","יצירת מרכז הלכתי מאוזן המחבר עומק תלמודי, אחריות ציבורית, גבולות אמונה והנהגה מעשית.",הרמב״ן; רבנו יונה; רבי יצחק מנרבונה; הריטב״א; רבנו בחיי; רבי יוסף קארו; אברהם אבולעפיה,https://open.spotify.com/episode/3fFSccuIPUhBryOySLd1mz?si=vVleiPsHQNK-DYsKMhH7LQ&context=spotify%3Ashow%3A4nrvg1RLAoxg9C0vVYM8qv
222,חכם,רבי משה בן נחמן,1194–1270,"גירונה, ברצלונה וירושלים",ראשונים,"הלכה, פרשנות, קבלה והנהגה","רמב״ן, פירוש התורה, חידושים, ויכוח ברצלונה, ארץ ישראל","פוסק, מקובל, פרשן ומנהיג שעמד בחזית פולמוסים גדולים, ניצח בוויכוח ברצלונה ולבסוף עלה לירושלים החרבה כדי לבנות בה חיים יהודיים מחדש.","חיבור נגלה ונסתר, תורה וחיים, אמונה ומעשה — עד כדי קביעה שישיבת ארץ ישראל היא מצווה מחייבת בכל דור.",רש״י; הרמב״ם; הרשב״א; רבי אהרן הלוי; רבנו יונה; חכמי קטלוניה,https://open.spotify.com/episode/7tV3u16Il2EgLXbVNFs42V?si=Qu6b3mmHTPufiL5nrRRIyQ&context=spotify%3Ashow%3A4nrvg1RLAoxg9C0vVYM8qv
223,חכם,נתן בן מאיר,המאה ה־12–13,טרינקטיי / פרובאנס,ראשונים,"הלכה, דיני ממונות וסינתזה למדנית","רבי נתן מטרינקטיי, שערי תפיסה, ממונות, רמב״ן",חכם מרכזי מפרובאנס שחיבר בין מסורות הלימוד של צפון צרפת וספרד. תורתו בדיני תפיסה וספקות בממונות השפיעה דרך תלמידיו וחיבוריהם.,יצירת סינתזה בין דיאלקטיקת בעלי התוספות לבין סדר ובהירות פרובנסלית־ספרדית.,הריצב״א; הרמב״ן; שמואל בן יצחק הסרדי; רבי מאיר המעילי; הראב״ד,https://open.spotify.com/episode/7ACSP0m0DZ6PtZJIPWd5SG?si=xmChzx9KQnGA-HASx_s75g&context=spotify%3Ashow%3A4nrvg1RLAoxg9C0vVYM8qv
224,חכם,יחיאל בן יקותיאל,המאה ה־13,"רומא, איטליה",ראשונים,"מוסר, הלכה, רפואה ועריכת טקסטים","מעלות המידות, תניא רבתי, ירושלמי, רומא","חכם איטלקי ששילב תורה, רפואה, פילוסופיה ודקדוק טקסטואלי. מיוחסת לו תרומה מכרעת לשימור מסורת הירושלמי ולבניית ספרות מוסר שיטתית.","חיבור הלכה, מוסר ודיוק מדעי לתפיסה אחת של תיקון האדם כולו — גוף, נפש ושכל.",הרמב״ם; חסידי אשכנז; מסורת איטליה; כתב יד ליידן של הירושלמי,https://open.spotify.com/episode/1tRAsJRFk47EvwWKBYsRZc?si=wIR3RR1RT0qdwsZfGHbvvg&context=spotify%3Ashow%3A4nrvg1RLAoxg9C0vVYM8qv
225,חכם,צדקיה בן אברהם,המאה ה־13,"רומא, איטליה",ראשונים,"הלכה, מנהג, רפואה וקודיפיקציה","שיבולי הלקט, איטליה, אשכנז, מנהג, רפואה","פוסק איטלקי בן משפחת הענווים, שחיבר בין מסורת אשכנזית, פסיקה איטלקית וידע רפואי. ספרו 'שיבולי הלקט' סידר את אורח החיים היהודי בצורה נגישה ושיטתית.","קודיפיקציה הלכתית איטלקית המחברת מסורות מגוונות מתוך ענווה, סדר ואחריות ציבורית.",בעלי התוספות; חכמי איטליה; בעל הטורים; רבי יוסף קארו; משפחת הענווים,https://open.spotify.com/episode/0zmmVvmiG4Wzj6H3D3wwK7?si=E-xKUsSxTN-1W54Q2wJ2wA&context=spotify%3Ashow%3A4nrvg1RLAoxg9C0vVYM8qv
226,חכם,רבי שמחה משפיירא,המאה ה־12–13,אשכנז (שפיירא),ראשונים,"הלכה, הנהגה קהילתית","תקנות שו""ם, קהילה, חסידי אשכנז",פוסק ומנהיג שבנה מחדש את יהדות אשכנז לאחר מסעי הצלב. שילב הלכה עם בניין חברתי ועמד מאחורי תקנות קהילתיות מרכזיות.,ההלכה ככלי לבניית קהילה ולא רק לפסיקה פרטית,"רבי יצחק מווינה (אור זרוע); חסידי אשכנז; חכמי שו""ם",https://open.spotify.com/episode/6k54FCiujHgHTF3lHSwe0U?si=rG5xR4UrRZqDn58l76qG5g&context=spotify%3Ashow%3A4nrvg1RLAoxg9C0vVYM8qv
227,חכם,רבי אשתורי הפרחי,המאה ה־14,ארץ ישראל,ראשונים,הלכה וגאוגרפיה,"כפתור ופרח, מצוות התלויות בארץ","חוקר שהלך את הארץ בפועל כדי להבין הלכה, ויצר מיפוי ראשון של ארץ ישראל מבחינה הלכתית.",חיבור תורה למציאות הפיזית של הארץ,"חז""ל; פוסקי ארץ ישראל; חקלאות הלכתית",https://open.spotify.com/episode/1aefmtAuxfRcdhiH7R2urg?si=E5QC33FpSDanWiMPnSOA3Q&context=spotify%3Ashow%3A4nrvg1RLAoxg9C0vVYM8qv
228,חכם,"רבי יצחק מקורביל (הסמ""ק)",נפטר 1280,צרפת,ראשונים,"הלכה, חינוך","סמ""ק, מצוות, חינוך",מחבר ספר מצוות נגיש שהפך את ההלכה למדריך חיים יומיומי לכל יהודי.,הפיכת ההלכה לכלי חינוכי-מעשי לעם כולו,רבי יחיאל מפריז; רבנו פרץ; בעלי התוספות,https://open.spotify.com/episode/6UrTGXdvwzHksRdb2MK3Nd?si=-Jd9HxgnSWeB8CfSgi0wYg&context=spotify%3Ashow%3A4nrvg1RLAoxg9C0vVYM8qv
229,חכם,רבנו פרץ מקורביל,המאה ה־13,צרפת,ראשונים,"תלמוד, עריכה","תוספות, סמ""ק, עריכה","עורך-על של עולם התוספות, שסידר ושימר את המסורת התלמודית בתקופת חורבן.",עריכת המסורת כהצלת התורה לדורות,"מהר""ם מרוטנבורג; מרדכי; חכמי צרפת",https://open.spotify.com/episode/5Iri3H2JcF1NuSrVD3Pnpu?si=L50WmdF7QMu5GJ_bRyWdxA&context=spotify%3Ashow%3A4nrvg1RLAoxg9C0vVYM8qv
230,חכם,רבי מאיר הכהן מרוטנבורג,המאה ה־13,אשכנז,ראשונים,הלכה,"הגהות מיימוניות, מנהג","שילב בין שיטת הרמב""ם למסורת אשכנזית באמצעות הערות ביקורתיות ושימור מנהגים.",יצירת דיאלוג בין קודקס אחיד למסורת חיה,"מהר""ם מרוטנבורג; הרמב""ם; הרמ""א",https://open.spotify.com/episode/26lw9FnAGUvrdpyiczTl58?si=V8X9zsb2T2-MYW0YIqPJ1g&context=spotify%3Ashow%3A4nrvg1RLAoxg9C0vVYM8qv
231,חכם,רבי אליעזר מטוך,המאה ה־13,צרפת/אשכנז,ראשונים,תלמוד,"תוספות טוך, עריכה","העורך שעיצב את נוסח התוספות בדפוס הש""ס והפך אותו לסטנדרט לדורות.",כוח העריכה כמעצב דרך הלימוד,"ר""י הזקן; בעלי התוספות; מדפיסי הש""ס",https://open.spotify.com/episode/04Hkb5vYxReuIGq0cTG2fh?si=7s2SsOxQS0Sk1ir7aO-2cA&context=spotify%3Ashow%3A4nrvg1RLAoxg9C0vVYM8qv
232,חכם,הריבב״ן – רבי יהודה בן בנימין הענו,המאה ה־13,איטליה (רומא),ראשונים,"הלכה, פרשנות","מנהגי רומא, הרי״ף, מסורת",חכם מרכזי ביהדות איטליה שביסס מסורת הלכתית עצמאית ושימר את מנהגי רומא תוך שילוב עומק תלמודי ודיוק פרשני.,שילוב בין מסורת חיה לפרשנות שיטתית של ההלכה,הרי״ף; משפחת הענוים; שיבולי הלקט; תניא רבתי,https://open.spotify.com/episode/1ANs8CZ7mIUXhJFOSBrC3u?si=ooP2kj_RSX-_x3DUoW2BAA&context=spotify%3Ashow%3A4nrvg1RLAoxg9C0vVYM8qv
233,חכם,הרי״ד הזקן – רבי ישעיה די טראני,המאה ה־13,איטליה,ראשונים,"תלמוד, הלכה","תוספות, שיטה למדנית","יצר שיטת לימוד חדשה המתמקדת בהבנת כל סוגיה בפני עצמה, גם במחיר השארת סתירות פתוחות.",“ננס על גבי ענק” – המשכיות יצירתית של המסורת,"בעלי התוספות; מהר""ם מרוטנבורג; הרא""ש; ריטב""א",https://open.spotify.com/episode/1RhrrkBapQNDsL3Nc92rS3?si=7Gjs0wn9S7GsKnZhre0xqw&context=spotify%3Ashow%3A4nrvg1RLAoxg9C0vVYM8qv
234,חכם,רבי אביגדור כ״ץ מווינה,המאה ה־13,"איטליה, גרמניה, אוסטריה",ראשונים,"הלכה, הנהגה","מעבר מסורות, פסיקה","מנהיג שחיבר בין מסורות איטליה, אשכנז וצרפת והפך את וינה למרכז תורני משמעותי.",יצירת סינתזה בין שיטות לימוד שונות למסורת אחת,"מהר""ם מרוטנבורג; המרדכי; הגהות מיימוניות; חכמי אשכנז",https://open.spotify.com/episode/0Gbt6DvaXHHA3NQUKn6gAe?si=JMjFC7GjQ_SEb1wrM1zHPg&context=spotify%3Ashow%3A4nrvg1RLAoxg9C0vVYM8qv
235,חכם,רבי מנחם בן זרח,1310–1385,"ספרד (נבארה, טולדו)",ראשונים,"הלכה, הנהגה","ספרי פסיקה, מדריך חיים","פוסק שכתב את ""צדה לדרך"" – מדריך הלכתי ברור ונגיש לאנשים עסוקים החיים תחת לחץ תרבותי.",הלכה עם טעם – שילוב בין בהירות להבנה רעיונית,הרשב״א; הרא״ש; יהדות ספרד,https://open.spotify.com/episode/1EzJwt2utRl4bZDfogQTk3?si=ClJmsJVhSciI2P93GZnYPQ&context=spotify%3Ashow%3A4nrvg1RLAoxg9C0vVYM8qv
236,חכם,רבי יהודה בן הרא״ש,1290–1349,אשכנז וספרד (טולדו),ראשונים,"הלכה, הנהגה","מעבר מרכזי תורה, פסיקה","מנהיג יהדות ספרד לאחר הרא״ש, ששילב בין שיטות אשכנז וספרד ויצר סמכות הלכתית רחבה.",סינתזה בין עיון אשכנזי לפסיקה ספרדית,הרא״ש; הרמב״ם; הרי״ף; רבי יוסף קארו,https://open.spotify.com/episode/2m1fncs0HVkTUF3QjJSqrD?si=zb63JZhPSli9pifLd5Xr2Q&context=spotify%3Ashow%3A4nrvg1RLAoxg9C0vVYM8qv
237,חכם,רבי משה מאיוורא,המאה ה־13,צרפת (נורמנדי),ראשונים,"תלמוד, למדנות","תוספות, שיטה לימודית","מחכמי התוספות שפיתח תפיסה מהפכנית: הספרים עצמם הם מקור הסמכות, והלומד שותף פעיל בפירוש.",“הספר כרב” – מעבר הסמכות מהאדם לטקסט,בעלי התוספות; רבי יונה גירונדי,https://open.spotify.com/episode/09Ok3NEhEHqYG6U2fRRb2J?si=PRQWK3RpRsWkIpACj0Z80w&context=spotify%3Ashow%3A4nrvg1RLAoxg9C0vVYM8qv
238,חכם,האדמו״ר מקאליב – רבי מנחם מנדל טאוב,1923–2019,"אירופה, ישראל",מודרני,"חסידות, זיכרון השואה","שואה, חינוך, אמונה","ניצול שואה שהפך את זיכרון האסון לשליחות של אמונה, תורה והפצת קריאת ""שמע ישראל"".",הפיכת השבר לשליחות רוחנית,הרב עובדיה יוסף; חסידות; ניצולי שואה,https://open.spotify.com/episode/2RfVxXD6TIynHVoCEcKPJn?si=iSK77LupSmaVY-K3qrG6Dg&context=spotify%3Ashow%3A4nrvg1RLAoxg9C0vVYM8qv
239,חכם,רבי יצחק מדורא,1220–1300,אשכנז (גרמניה),ראשונים,הלכה מעשית,"כשרות, בית יהודי","מחבר ""שערי דורא"" – ספר יסוד בהלכות איסור והיתר שעיצב את חיי הבית והמטבח היהודי לדורות.",הנגשת ההלכה מהישיבה אל הבית,מהר״ם מרוטנבורג; רא״ש; רמ״א,https://open.spotify.com/episode/2JtdoVxOBakR7TWV6cxppI?si=C-3DosdvR5u40UeOnOjiPA&context=spotify%3Ashow%3A4nrvg1RLAoxg9C0vVYM8qv
240,חכם,רבי נחמן קרוכמל (רנ״ק),1785–1840,אירופה (גליציה),מודרני,פילוסופיה יהודית,"היסטוריה, השכלה",הוגה שהפך את ההיסטוריה לכלי להבנת נצח ישראל ולחיבור בין אמונה לביקורת מודרנית.,ההיסטוריה כהוכחה לאמונה,חכמת ישראל; פילוסופיה גרמנית,https://open.spotify.com/episode/0ex690joNUDbh2ClkDxF8w?si=AFDTHOpGSr2oy4sirofNOg&context=spotify%3Ashow%3A4nrvg1RLAoxg9C0vVYM8qv
241,חכם,רבי שמשון בן צדוק,המאה ה־13,אשכנז,ראשונים,"הלכה, הנהגה","תשב״ץ קטן, מהרא״ם","תלמיד המהר""ם מרוטנבורג שתיעד את חיי רבו בכלא והפך הנהגה חיה למקור הלכתי.",הלכה מתוך חיים – תיעוד מציאות כבסיס לפסיקה,מהר״ם מרוטנבורג; בעל הטורים; רמ״א,https://open.spotify.com/episode/5icFLQJoUIWSCfgYau1reF?si=QYYs8XAMR2Kh3ClK1GKkOg&context=spotify%3Ashow%3A4nrvg1RLAoxg9C0vVYM8qv
242,חכם,רבי אהרן הכהן מלוניל,1250–1327,"פרובאנס, מיורקה",ראשונים,"הלכה, מוסר, קבלה","ארחות חיים, מסורת פרובאנס","מחבר ""ארחות חיים"" – יצירה המשלבת הלכה, מוסר וסוד, תוך שימור עולם תורני מתפורר.","ההלכה כדרך חיים כוללת – גוף, נפש וסוד",רמב״ם; רשב״א; ראב״ד; מאירי; רבי יוסף קארו,https://open.spotify.com/episode/1hCgDwZ2J6pMMMANMx4cc1?si=9kQE5KUYTeG9fxXnvKz8Ow
243,חכם,רבי אלכסנדרי זוסלין הכהן (המהרא״ך),המאה ה־14,אשכנז (ארפורט),ראשונים,הלכה,"ספר האגודה, פסיקה אשכנזית","מחבר ""ספר האגודה"" – סיכום שיטתי של הש״ס שנועד לייצב את ההלכה לאחר משברים.",תמצות והכרעה – מעבר מפלפול להלכה ברורה,מהר״ם מרוטנבורג; רמ״א; רבי יוסף קארו,https://open.spotify.com/episode/03IxTZw4qg4XD0zBCuyEOT?si=Wu6D-ZjIRm-0vMdTfGCFMg&context=spotify%3Ashow%3A4nrvg1RLAoxg9C0vVYM8qv
244,חכם,רבי ישראל יהושע טרונק (ישועות מלכו),1820–1893,פולין,אחרונים,"הלכה, ציונות דתית","היתר מכירה, יישוב הארץ","פוסק גדול שתמך בהתיישבות וב""היתר מכירה"" מתוך ראיית הגאולה המעשית.",עבודת הארץ כחלק מהמצווה והגאולה,קלישר; רבני ארץ ישראל; פוסקי הדור,https://open.spotify.com/episode/5CjFGW61SRKSx3ScmazcV1?si=yMTsAl7DQgaQkfTni_UnHA&context=spotify%3Ashow%3A4nrvg1RLAoxg9C0vVYM8qv
245,חכם,רבי ברוך שפירא,המאה ה־20–21,ישראל (מצפה רמון),מודרני,"קבלה, מוסר, הגות","קבלה נבואית, צירופי אותיות, נובהרדוק","מקובל מודרני שבחר בחיי פרישות במדבר, ושילב למדנות ליטאית, מוסר נובהרדוקאי וקבלה מעשית-נבואית. ביקש להחיות את חכמת הצירוף כדרך השגה חיה ולא רק עיונית.","קבלה כדרך חיים תובענית: זיכוך האדם עד להפיכתו לכלי השגה, תוך חיבור בין תורה, מדע ותודעה בעידן מודרני מואץ",הסטייפלר; תנועת נובהרדוק; מקובלי הזוהר והאר״י,https://open.spotify.com/episode/6T3X5jyANKwDXe6qS8gM4I?si=kcot4PDVQe-NdyNNZqBDAQ&context=spotify%3Ashow%3A4nrvg1RLAoxg9C0vVYM8qv
246,דמות,הרב נתן צבי פינקל (הסבא מסלבודקה),1849–1927,"ליטא, סלבודקה, חברון",העת החדשה,מוסר וחינוך,"תנועת המוסר, סלבודקה, גדלות האדם",מייסד אסכולת סלבודקה ומעצב תפיסת 'גדלות האדם'. העמיד דור מנהיגים מרכזי בעולם הישיבות.,גדלות האדם כבסיס לעבודת ה' ולחינוך.,"הרב ישראל סלנטר, הרב אהרון קוטלר, הרב שך",https://open.spotify.com/episode/4iRZ0WdzCGhxJrGTmkAzUf?si=CXMer1BVTxKsXGs1gsSIYQ&context=spotify%3Ashow%3A4nrvg1RLAoxg9C0vVYM8qv
247,דמות,החיד״א (רבי חיים יוסף דוד אזולאי),1724–1806,"ירושלים, אירופה וצפון אפריקה",העת החדשה המוקדמת,"הלכה, קבלה וביבליוגרפיה","שד״ר, ביבליוגרפיה, קבלה, פסיקה","פוסק, מקובל והיסטוריון שיצר את 'שם הגדולים' והפך לדמות מפתח בזיכרון התרבותי היהודי.","שילוב בין מחקר כתבי יד, פסיקה וקבלה.","הרש״ש, בית אל",https://open.spotify.com/episode/2MiUUx51sCblnVdS9i61Xq?si=-JcXTwudTqegydyfmDFvKQ&context=spotify%3Ashow%3A4nrvg1RLAoxg9C0vVYM8qv
248,דמות,שלמה מולכו,1500–1532,"פורטוגל, איטליה, האימפריה העות'מאנית",ראשית העת החדשה,קבלה ומשיחיות,"אנוסים, גאולה, קבלה",מקובל ומשיחי נועז שעבר מאנוס פורטוגלי לדמות מרכזית בתנועות הגאולה של המאה ה-16.,חיבור בין חזון משיחי לפעולה היסטורית.,"דוד הראובני, רבי יוסף קארו",https://open.spotify.com/episode/3FgDgymcQOnmJoDgKQHJMU?si=J8TKFoGzSEO3r5hybFUasw&context=spotify%3Ashow%3A4nrvg1RLAoxg9C0vVYM8qv
249,דמות,רבי שלמה הלוי אלקבץ,1505–1584,סלוניקי וצפת,ראשית העת החדשה,קבלה ופיוט,"לכה דודי, צפת, קבלה","מגדולי מקובלי צפת ומחבר הפיוט 'לכה דודי', שעיצב את חוויית קבלת השבת לדורות.",הפיכת הקבלה לשפה ליטורגית וחווייתית.,"רבי יוסף קארו, הרמ״ק, האר״י",https://open.spotify.com/episode/25yj7KlJBpuYyoAu8YZrDW?si=OM4_HlAKQ1SCnm0uPXpa1g&context=spotify%3Ashow%3A4nrvg1RLAoxg9C0vVYM8qv
250,דמות,רבי יום־טוב ליפמן הלר,1578–1654,"פראג, קרקוב",ראשית העת החדשה,"הלכה, פרשנות והנהגה","תוספות יום טוב, משנה",פרשן המשנה הגדול ומנהיג קהילות בתקופת משברים ורדיפות באירופה.,חידוש לימוד המשנה כבסיס להבנת התלמוד.,המהר״ל מפראג,https://open.spotify.com/episode/3nwItn9PGKFfIopZY2AUMZ?si=pT_KPjlDS_ynS970NklLog&context=spotify%3Ashow%3A4nrvg1RLAoxg9C0vVYM8qv
251,דמות,הרבי מליובאוויטש,1902–1994,"רוסיה, ארה""ב",העת החדשה,"חסידות, הנהגה","חב""ד, שליחות, גאולה","מנהיגה השביעי של חסידות חב""ד שהקים רשת שליחות עולמית והפך את האחריות לכל יהודי לחזון אוניברסלי.",הפיכת העולם ל'דירה בתחתונים' באמצעות שליחות ומעשה.,"חב""ד, הרב יוסף יצחק שניאורסון",https://open.spotify.com/episode/01M5utyXbX5Zwzf2skxRIE?si=snEubQiVTymoKuP-vKJpUQ&context=spotify%3Ashow%3A4nrvg1RLAoxg9C0vVYM8qv
252,דמות,הרב עובדיה יוסף,1920–2013,ישראל,העת החדשה,"הלכה, הנהגה ציבורית","ש""ס, יביע אומר, הראשון לציון",מגדולי פוסקי ההלכה בדור האחרון ומנהיגה הרוחני של יהדות ספרד. החזיר את מרכזיות הפסיקה הספרדית והקים תנועת תחייה חברתית ותורנית.,החזרת עטרה ליושנה ושילוב הלכה עם אחריות ציבורית.,"שולחן ערוך, ש""ס",https://open.spotify.com/episode/6EwCSxth06Ypc8hwKpUZIn?si=jjTH6lSGSrGYZRLRWUlXIQ&context=spotify%3Ashow%3A4nrvg1RLAoxg9C0vVYM8qv
253,דמות,רבי שלמה אלישיב (בעל הלשם),1841–1926,ליטא וירושלים,העת החדשה,קבלה,"לשם שבו ואחלמה, קבלת הגר""א","מגדולי המקובלים הליטאיים בעת החדשה, מחבר שיטה סדורה להבנת הקבלה על פי האר""י והגר""א.",דיוק מושגי ואחריות מחשבתית בלימוד הקבלה.,"הראי""ה קוק, החזון איש, הרב יוסף שלום אלישיב",https://open.spotify.com/episode/4hfLDSOuomsBnjabb72CNT?si=2UVLJUgQQFqEMLdBw8th4g&context=spotify%3Ashow%3A4nrvg1RLAoxg9C0vVYM8qv
254,דמות,הרב עבדאללה סומך,1813–1889,בבל (עיראק),העת החדשה,הלכה והנהגה,"מדרש בית זלכה, בן איש חי",גדול חכמי בבל במאה ה־19 ומחנכו של הבן איש חי. הקים מחדש את מרכז התורה בבגדאד.,פסיקה אחראית המחוברת למציאות ולצרכי הקהילה.,"בן איש חי, כף החיים",https://open.spotify.com/episode/4kzWbxQdGlwBkdJD30aYZk?si=Rni7TwUHSZGxw0gtYqLWsQ&context=spotify%3Ashow%3A4nrvg1RLAoxg9C0vVYM8qv
255,דמות,רבי יוסף בן יהודה אבן שמעון,1160–1226,"מרוקו, מצרים, סוריה",ימי הביניים,פילוסופיה יהודית,"מורה נבוכים, הרמב""ם","תלמידו המובהק של הרמב""ם והנמען של ספר מורה נבוכים. רופא, פילוסוף ומנהיג קהילתי.",המבוכה האינטלקטואלית כמנוף לצמיחה רוחנית.,"הרמב""ם",https://open.spotify.com/episode/1ViQ7DcT0EfyWtdilDH4oL?si=k9lD9qSdRESJODJOVF8Gfg&context=spotify%3Ashow%3A4nrvg1RLAoxg9C0vVYM8qv
256,דמות,הרב מרדכי אליהו,1929–2010,ישראל,העת החדשה,"הלכה, קבלה, הנהגה","ראשון לציון, מאמר מרדכי","הראשון לציון והרב הראשי לישראל. שילב פסיקה הלכתית עם מסורת הקבלה והאר""י.",אחדות בין הנגלה לנסתר בתוך עולם ההלכה.,הרב אברהם שפירא,https://open.spotify.com/episode/3Us8uX5ozH1clJM6Nkh131?si=1FZpFopBQi2OXROLfHQaPg&context=spotify%3Ashow%3A4nrvg1RLAoxg9C0vVYM8qv
257,דמות,הרב שמואל סלנט,1816–1909,ליטא וירושלים,העת החדשה,הלכה והנהגה ציבורית,"היישוב הישן, עץ חיים",רבה האשכנזי של ירושלים במשך עשרות שנים וממעצבי היישוב היהודי בעיר.,"בניין ירושלים באמצעות מוסדות, אחריות ציבורית ופסיקה מאוזנת.",רבי יוסף זונדל מסלנט,https://open.spotify.com/episode/6IZbp5APF1EvHCXfsHDjsf?si=GCdS8Cb9TZ-IV98sb-L4HQ&context=spotify%3Ashow%3A4nrvg1RLAoxg9C0vVYM8qv
258,דמות,הרב חיים חזקיהו מדיני,1832–1904,"ירושלים, קרים, חברון",העת החדשה,הלכה,שדי חמד,"מחבר האנציקלופדיה ההלכתית 'שדי חמד', שאיגדה את ספרות הפסיקה של דורות רבים.",סדר ובהירות בעולם הלכתי רחב ומפוזר.,חכמי ספרד ואשכנז,https://open.spotify.com/episode/7G1e30kwtU62b50Mao1pdn?si=rQxlF6ouRu--hyBNkAzHQg&context=spotify%3Ashow%3A4nrvg1RLAoxg9C0vVYM8qv
259,דמות,רבי דוד אבודרהם,המאה ה־14,ספרד,ראשונים,תפילה והלכה,ספר אבודרהם,מחבר פירוש יסודי לתפילות ולברכות שהשפיע רבות על פסיקת השולחן ערוך.,"חיבור בין משמעות התפילה, ההלכה והמנהג.",רבי יוסף קארו,https://open.spotify.com/episode/1sYlXFDONZ0TURq4d0e2RP?si=Enay16rIRBerueSXSkN2wg&context=spotify%3Ashow%3A4nrvg1RLAoxg9C0vVYM8qv
260,דמות,רב סעדיה גאון,882–942,מצרים ובבל,גאונים,"פילוסופיה, הלכה, לשון","אמונות ודעות, אגרון","מגדולי הגאונים, מגן התורה שבעל פה ומייסד הפילוסופיה היהודית השיטתית.","שילוב בין אמונה, שכל ומסורת.",ישיבת סורא,https://open.spotify.com/episode/0Xx2IgT8rAGI5bDBi7qIZJ?si=YeXKukJERKOtSScTwttwrQ&context=spotify%3Ashow%3A4nrvg1RLAoxg9C0vVYM8qv
261,דמות,יהודה בן תימא,המאה ה־2 לספירה,ארץ ישראל,תנאים,מוסר ואגדה,"עז כנמר, מסכת אבות","תנא שחינך לגבורה רוחנית, בושה ועמידה מול לחצים חברתיים.",איזון בין עזות דקדושה לענווה מוסרית.,חכמי המשנה,https://open.spotify.com/episode/7jdJSWd1gl6zbEReRA5lGR?si=897afNtpSQC_h7jtuZDb-w&context=spotify%3Ashow%3A4nrvg1RLAoxg9C0vVYM8qv
262,דמות,רבי אלעזר בן ערך,המאה ה־1 לספירה,ארץ ישראל,תנאים,"מוסר, אגדה וסוד","מעיין המתגבר, לב טוב","מגדולי תלמידי רבן יוחנן בן זכאי, שנודע כ'מעיין המתגבר' וכבעל משנת 'לב טוב'.",יצירתיות תורנית מחייבת חיבור לקהילה ולחבורה.,רבן יוחנן בן זכאי,https://open.spotify.com/episode/2XG7fux56GqLM8WnM0QRjs?si=yOxo3FcMTbuU0k8pXAT4eg&context=spotify%3Ashow%3A4nrvg1RLAoxg9C0vVYM8qv
263,דמות,שלמה מונק,1803–1867,גרמניה וצרפת,העת החדשה,מדעי היהדות ופילוסופיה,"מורה נבוכים, אבן גבירול",מזרחן וחוקר יהדות שהחזיר את אבן גבירול להיסטוריה של הפילוסופיה וערך את מורה נבוכים מן המקור הערבי.,שילוב בין מחקר מדעי לנאמנות למסורת.,"הרמב""ם, אבן גבירול",https://open.spotify.com/episode/0fBwsgpkyNbo7MJnjhEgeH?si=e43548IRTC6NgFPos8bdAg&context=spotify%3Ashow%3A4nrvg1RLAoxg9C0vVYM8qv
264,דמות,רבי דוד פארדו,1719–1792,"ונציה, הבלקן, ירושלים",אחרונים,"תלמוד, משנה ותוספתא","חסדי דוד, תוספתא","מגדולי פרשני התוספתא, שהחזיר את לימודה למרכז בית המדרש באמצעות פירושו 'חסדי דוד'.",דיוק טקסטואלי לצד מחויבות עמוקה למסורת.,פרופ' שאול ליברמן,https://open.spotify.com/episode/0gNG3pg6tSS0rP12co2dsU?si=qwkHtlLERhWIBrKokEyt-w&context=spotify%3Ashow%3A4nrvg1RLAoxg9C0vVYM8qv
265,דמות,רב אביתר בן אליהו הכהן,1040–1112 בקירוב,"ארץ ישראל, צור, דמשק",גאונים,הנהגה ופסיקה,"מגילת אביתר, גאון יעקב","מן הגאונים האחרונים של ארץ ישראל, שנאבק לשימור סמכותה הרוחנית של הארץ מול מרכזי בבל.",עצמאות רוחנית וקדושת ארץ ישראל כמקור סמכות.,הגניזה הקהירית,https://open.spotify.com/episode/32gThCfsqISZIYKhU1lXHx?si=dC0bib8YTsCC28oViC72JQ&context=spotify%3Ashow%3A4nrvg1RLAoxg9C0vVYM8qv
266,דמות,רבנו יצחק בן יהודה ממגנצא,המאה ה־11,גרמניה,ראשונים,הלכה ותלמוד,"מגנצא, רש""י","ראש ישיבת מגנצא ומורו המרכזי של רש""י, ממעצבי שיטת הלימוד האשכנזית.","שילוב בין דיוק טקסטואלי, מנהג ופסיקה.","רבנו גרשום, רש""י",https://open.spotify.com/episode/4tFSo5qQFWExTxQDDj1a8Q?si=MBdoY_OXSn2EkAdz7fGwyg&context=spotify%3Ashow%3A4nrvg1RLAoxg9C0vVYM8qv
267,דמות,רבי יצחק בר אלעזר הלוי,1000–1070 בקירוב,אשכנז,ראשונים,הלכה ופרשנות,סגן לויה,"ראש ישיבת וורמייזא ומגדולי רבותיו של רש""י, בעל השפעה מכרעת על יהדות אשכנז.","הנהגה תורנית המשלבת סמכות, ענווה ודיוק הלכתי.","רש""י, רבנו גרשום",https://open.spotify.com/episode/4mph8tbv9qfvaXuaEBr9Ci?si=QRfMWHpkT3CgMCF-x7zUgQ&context=spotify%3Ashow%3A4nrvg1RLAoxg9C0vVYM8qv
268,טקסט יסוד,מחזור ויטרי,1105 בקירוב,צרפת,ראשונים,ליטורגיה והלכה,"מחזור ויטרי, רבנו שמחה מוויטרי","אנציקלופדיה הלכתית וליטורגית מבית מדרשו של רש״י, המשמרת את נוסח צרפת ומסורות אשכנז הקדומות.","חיבור בין תפילה, הלכה, אגדה וחיי קהילה.","רש״י, בעלי התוספות",https://open.spotify.com/episode/6xiWssuJyV4GypDbnlCpl0?si=O1FhvO05Rl2-Kn2n4dgk1g&t=518
269,דמות,הרב חננאל בן שמואל,1174–1250 בקירוב,מצרים,ראשונים,"הלכה, הנהגה וחסידות",פירוש על הרי״ף,ראש הדיינים בפוסטאט וממנהיגי יהדות מצרים לאחר הרמב״ם.,"שילוב הלכה, הנהגה ציבורית ועבודת ה׳ פנימית.","רבי אברהם בן הרמב״ם, דוד הנגיד",https://open.spotify.com/episode/1iaphVyYGkqHZhmhCfl9jE?si=8CIAUBAHTgqW094xRr7HZg&context=spotify%3Ashow%3A4nrvg1RLAoxg9C0vVYM8qv
270,דמות,דבורה הנביאה,תקופת השופטים,ארץ ישראל,תנ״ך,"נבואה, שיפוט והנהגה","שירת דבורה, ברק בן אבינועם",נביאה ושופטת שהובילה את ישראל לניצחון על סיסרא ואיחדה את השבטים.,"מנהיגות מתוך שליחות, אחריות ואמונה.","ברק, יעל",https://open.spotify.com/episode/1tw5HjBDOm7m0U5rHWSIqm?si=SMQ4tlIZTyq876Cqekv23g&context=spotify%3Ashow%3A4nrvg1RLAoxg9C0vVYM8qv
271,דמות,רבנו שמואל הסרדי,1190–1256,ספרד,ראשונים,הלכה ודיני ממונות,ספר התרומות,"מגדולי חכמי ספרד ומחבר ספר התרומות, מאבני היסוד של המשפט העברי.",הפיכת ההלכה למערכת משפט מעשית ושיטתית.,הרמב״ן,https://open.spotify.com/episode/5Cdc9RvxyriLFWPFMRfciK?si=P9JIX4Q4TCCtqmGdnswLcA&context=spotify%3Ashow%3A4nrvg1RLAoxg9C0vVYM8qv
272,דמות,רבי מאיר בן שמעון המעילי,המאה ה־13,פרובאנס,ראשונים,הלכה ומחשבה,"ספר המאורות, מלחמת מצווה",פוסק והוגה שפעל בנרבונה והגן על עקרון אחדות ה׳ ועל מורשת הרמב״ם.,נאמנות למסורת לצד מאבק רעיוני ואמוני.,הרמב״ם,https://open.spotify.com/episode/2LqX1m0yUTIjrytoK1ZOD1?si=lp2l5OJXRriAMdl86DCAYg&context=spotify%3Ashow%3A4nrvg1RLAoxg9C0vVYM8qv&t=0
273,דמות,הרשב״א,1235–1310,ספרד,ראשונים,"הלכה, הנהגה ותלמוד","תורת הבית, שו״ת הרשב״א","מגדולי פוסקי ישראל וממנהיגי יהדות ספרד, מאבני היסוד של הפסיקה לדורות.","איזון בין מסורת, הנהגה ציבורית ועומק למדני.","הרמב״ן, רבנו יונה",https://open.spotify.com/episode/3fFSccuIPUhBryOySLd1mz?si=vVleiPsHQNK-DYsKMhH7LQ&context=spotify%3Ashow%3A4nrvg1RLAoxg9C0vVYM8qv
274,דמות,הריא״ז (רבי ישעיה בן אליהו דטראני),המאה ה־13,איטליה,ראשונים,"הלכה, מקרא ומחשבה",פסקי הריא״ז,"נכדו של הרי״ד הזקן, פוסק עצמאי שהתנגד לתלות האמונה בפילוסופיה והדגיש את כוח המסורת.",נאמנות למסורת לצד עצמאות מחשבתית.,"הרי״ד הזקן, אבן עזרא",https://open.spotify.com/episode/5mtDbjislFZkbFTuxrfRWN?si=YkcCXBvTSHC0Ny61wowSSw&context=spotify%3Ashow%3A4nrvg1RLAoxg9C0vVYM8qv
275,דמות,רבי שם טוב אבן גאון,1283–1330 בקירוב,ספרד וארץ ישראל,ראשונים,"הלכה, קבלה ומסורה","מגדל עוז, כתר שם טוב","פוסק, מקובל וחוקר מסורה שחיבר בין שיטת הרמב״ם, הקבלה ואמנות כתיבת הקודש.",ההלכה והקבלה הן פנים שונות של אותה אמת.,"הרמב״ם, הרמב״ן",https://open.spotify.com/episode/4WLBwaZKgmiVJPIACa5dJR?si=TsoC6GGVTnyNdgXmP3nsMQ&context=spotify%3Ashow%3A4nrvg1RLAoxg9C0vVYM8qv
276,דמות,הרב קלמן שם טוב גפן,1856–1927,ירושלים,העת החדשה,"קבלה, פילוסופיה ומדע",תורת הממדים,"הוגה שניסה ליצור סינתזה בין קבלה, מדע מודרני ופילוסופיה.",המדע והתורה מתארים רבדים שונים של אותה מציאות.,"הראי״ה קוק, הרצי״ה קוק",https://open.spotify.com/episode/12f9H8UgJMaWzeIBegbaMu?si=ZroFKZL1ThuFN8M7-EyiBg&context=spotify%3Ashow%3A4nrvg1RLAoxg9C0vVYM8qv
277,דמות,רס״ן רועי קליין,1975–2006,ישראל,העת החדשה,מנהיגות וציונות דתית,מלחמת לבנון השנייה,קצין צה״ל שעוטר בעיטור העוז לאחר שנפל תוך הצלת חייליו בקרב בבינת ג'בייל.,"גבורה צומחת מחיים של אחריות, אמונה ומסירות.","צה״ל, הציונות הדתית",https://open.spotify.com/episode/6oOKCpQo5tEf5hcdghAQIC?si=T7eZS5PnRn63oRQnjqUMsw&context=spotify%3Ashow%3A4nrvg1RLAoxg9C0vVYM8qv
278,דמות,רבי שלמה הכהן מווילנה,1828–1905,ליטא,העת החדשה,"תלמוד, הגהה וציונות","חשק שלמה, ש״ס וילנה","מגדולי רבני וילנה, עורך ומהדיר מרכזי של ש״ס וילנה ותומך נלהב בחיבת ציון.",נאמנות למסורת לצד זיהוי תהליכי גאולה בהיסטוריה.,"הגר״א, חיבת ציון",https://open.spotify.com/episode/5yWz2GFXuVSZR9a7kMjeyT?si=gA-kdHsVScuj76m45KC0XA
279,דמות,רבי וידאל די טולוזא,המאה ה־14,צרפת וספרד,ראשונים,הלכה ופרשנות,מגיד משנה,"מפרשו המרכזי של הרמב״ם, שחשף את מקורותיו ושיטתו של משנה תורה.",הבנת העומק שמאחורי פסיקת ההלכה.,"הרמב״ם, הראב״ד",https://open.spotify.com/episode/3bAJkTvZUqAhdXCQty6A3B?si=f4Vkuhn0QyyPaO2IhPjwJw&context=spotify%3Ashow%3A4nrvg1RLAoxg9C0vVYM8qv
280,דמות,רבי מאיר בן ברוך הלוי (מהר״ם סג״ל),המאה ה־14–15,אשכנז ואוסטריה,אחרונים,הלכה והנהגה,"מהר״ם סג״ל, מורנו","ממנהיגי יהדות אשכנז לאחר המשברים הגדולים, ממעצבי מוסד הסמיכה האשכנזי.",בניית סמכות תורנית מתוך אחריות קהילתית.,"מהרי״ל, תרומת הדשן",https://open.spotify.com/episode/51kAKVyQ9chRuXJM5J66so?si=zhz5CCwYSDm6D9J7QwdZmg&context=spotify%3Ashow%3A4nrvg1RLAoxg9C0vVYM8qv
281,דמות,רבי שמשון בן אליעזר (ברוך שאמר),המאה ה־14,גרמניה וארץ ישראל,ראשונים,סת״ם והלכה,ברוך שאמר,מגדולי חכמי הסת״ם שעיצב את מסורת צורת האותיות והתגים בכתיבת ספרי קודש.,דיוק במסורת הכתב הוא חלק מקדושת התורה.,"בית יוסף, קסת הסופר",https://open.spotify.com/episode/0xHQG8l47thPFLrmtWggIG?si=EP6i9p-KSNi_bjq2R5BrCw&context=spotify%3Ashow%3A4nrvg1RLAoxg9C0vVYM8qv
282,דמות,רבי ישראל מקרמז',המאה ה־14–15,אוסטריה וגרמניה,אחרונים,הלכה ומנהג,הגהות אשר״י,פוסק ומנהיג ששימר את מסורת אשכנז באמצעות הגהותיו לפסקי הרא״ש.,המנהג הוא מקור סמכות מרכזי בעיצוב ההלכה.,"אור זרוע, רמ״א",https://open.spotify.com/episode/3m0Cho5M29aVZp15Pd8poe?si=vzbbSN7ZTXKrbRV4EsRH9A&context=spotify%3Ashow%3A4nrvg1RLAoxg9C0vVYM8qv
283,דמות,רבי דוד גנז,1541–1613,פראג,אחרונים,"היסטוריה, אסטרונומיה ומתמטיקה",צמח דוד,היסטוריון ואסטרונום יהודי שחיבר בין עולם התורה למהפכה המדעית של הרנסנס.,המדע יכול לשמש כלי להבנת הבריאה.,"המהר״ל, טיכו ברהה",https://open.spotify.com/episode/2k24kwgPp3f98lo0KLeybp?si=3oYPos59SjeF-7_QWRepkQ
284,דמות,רבי משה זכות (הרמ״ז),1625–1697,איטליה,אחרונים,"קבלה, הלכה וספרות","הרמ״ז, זוהר","מקובל, פוסק ומחזאי עברי שהפיץ את קבלת האר״י באירופה.",שילוב בין עולם הסוד לבין חיי המעשה.,"האר״י, הזוהר",https://open.spotify.com/episode/7ApVpshXFmnerqdZj67q7L?si=3iFExzmFRn6HK7TEXeFOzg&context=spotify%3Ashow%3A4nrvg1RLAoxg9C0vVYM8qv
285,דמות,רבי יהודה בר אילאי,המאה ה־2,ארץ ישראל,תנאים,הלכה והנהגה,סתם משנה,מן התנאים המרכזיים שעיצבו את התורה שבעל פה לאחר מרד בר כוכבא.,בניית חברה יציבה מתוך אחריות הלכתית ומוסרית.,"רבי עקיבא, רבי יהודה הנשיא",https://open.spotify.com/episode/2oyMTbV94Hphr9dGIMMrWs?si=RCDXgteST0ujHxPayEvopg&context=spotify%3Ashow%3A4nrvg1RLAoxg9C0vVYM8qv
286,דמות,רבי מאיר בעל הנס,המאה ה־2,ארץ ישראל,תנאים,"הלכה, אגדה ומוסר","סתם משנה, אלהא דמאיר ענני","מגדולי התנאים, מעצב מרכזי של המשנה וסמל לאמונה וישועה.",יש לראות את הפנימיות ולא רק את החיצוניות.,"רבי עקיבא, ברוריה",https://open.spotify.com/episode/0TMD6S3lT5s5CLq4cU2s95?si=AG_bdiqlTMWWkDVoHnRl4g&context=spotify%3Ashow%3A4nrvg1RLAoxg9C0vVYM8qv
287,דמות,הרב אברהם כהן דה־הירירה,1570–1635/1639,פורטוגל והולנד,אחרונים,קבלה ופילוסופיה,"שער השמים, בית אלוהים",מקובל והוגה דעות שיצר גשר בין קבלת האר״י לפילוסופיה האירופית.,הסוד והשכל משלימים זה את זה בחיפוש אחר האמת.,"רבי ישראל סרוג, הרמח״ל",https://open.spotify.com/episode/2484MUIhpWjmTxP5KxDWOB?si=dZSV9IQtRjSPYZyskhT94Q
288,דמות,רבי יוסף חביבא,המאה ה־14–15,ספרד,ראשונים,הלכה ותלמוד,נימוקי יוסף,"מחבר הנימוקי יוסף, מסכם ומנגיש מרכזי של תורת חכמי ספרד המאוחרים.",שימור הרצף התורני באמצעות בהירות וסדר.,"הרמב״ן, הר״ן, הבית יוסף",https://open.spotify.com/episode/1EPfEDDABhFrIaVyXmn4UY?si=d3-wjCnlREqrzamx2st6bg
289,דמות,הרשב״ץ (רבי שמעון בן צמח דוראן),1361–1444,ספרד ואלג'יר,אחרונים,"הלכה, פילוסופיה ומדע","תשב״ץ, מגן אבות",מגדולי פוסקי צפון אפריקה ומנהיגה הרוחני לאחר גזירות קנ״א.,בניין מחודש מתוך משבר וחיבור בין תורה לחכמה.,"הבית יוסף, יהדות אלג'יר",https://open.spotify.com/episode/2H66qv8Pu1ovFslG0esMSO?si=g4akS_s7SIWm3TacQyVbAA
290,דמות,רבי שמעון בר יוחאי,המאה ה־2,ארץ ישראל,תנאים,"הלכה, אגדה וקבלה","הזוהר, ל״ג בעומר","מתלמידי רבי עקיבא ומגדולי התנאים, מזוהה עם גילוי תורת הסוד.",הארת העולם מתוך חיבור בין פנימיות למעשה.,"רבי עקיבא, רבי אלעזר בנו",https://open.spotify.com/episode/5jiWdUYsdMQTSRAghuCtHo?si=okrj1oOtTJ6YHBpB7EWBUg
291,דמות,רבי שלום בוזגלו,1700–1780 בקירוב,מרוקו ואנגליה,אחרונים,קבלה והלכה,מקדש מלך,"מקובל ודיין, מחבר הפירוש השיטתי המרכזי על ספר הזוהר.","הנגשת עולם הסוד באמצעות סדר, שיטה ובהירות.","הרמ״ז, האר״י",https://open.spotify.com/episode/1cdKyl2ZxmH4MV8HxWn5a8?si=_e5eLoJFRI-A_ybsX7UvwQ
292,דמות,רב יוסף בר חייא,המאה ה־4,בבל,אמוראים,תלמוד והנהגה,"סיני, פומבדיתא","מגדולי אמוראי בבל וראש ישיבת פומבדיתא, שנודע בבקיאותו העצומה ובשימור המסורת התלמודית.",בלי מסורת מדויקת אין אפשרות לחידוש אמיתי.,"אביי, רבה בר נחמני",https://open.spotify.com/episode/7hxuVRnwNLVCSZTDgYaRYf?si=VnOYE_keTfG0ZMAVCTFz4Q
293,דמות,רב יוסף בר חמא,המאה ה־4,בבל,אמוראים,הלכה ודיני ממונות,"מחוזא, רבא","חכם עשיר ובעל השפעה ממחוזא, אביו של רבא וממעצבי האליטה התורנית של בבל.","שילוב תורה, אחריות ציבורית והבנת המציאות הכלכלית.","רבא, רב ששת, רב נחמן",https://open.spotify.com/episode/1eP3a8IxlJL1jjrarhy929?si=7cT22kS4QHi12icW_6Zu8g
294,דמות,הרמ״ע מפאנו,1548–1620,איטליה,אחרונים,קבלה ופילוסופיה,"עשרה מאמרות, גלגולי נשמות",מגדולי המקובלים באיטליה ומגשר בין קבלת הרמ״ק לקבלת האר״י.,"אפשר לחבר בין שכל, הלכה ופנימיות התורה.","הרמ״ק, האר״י, רמח״ל",https://open.spotify.com/episode/1T5zGLHEk5d5uLbDzh0vs4?si=QkXIfJhPQja2lBNWzRHIpg
295,דמות,הרשב״ש (רבי שלמה בן שמעון דוראן),1400–1467,אלג'יר,אחרונים,הלכה ופולמוס,"שו״ת הרשב״ש, מלחמת מצווה",מגדולי חכמי צפון אפריקה וממשיך דרכו של הרשב״ץ בהנהגת יהדות המגרב.,נאמנות למסורת לצד אחריות למציאות המשתנה.,"הרשב״ץ, הבית יוסף",https://open.spotify.com/episode/3RNUR7nCj9IMQMgkP8UzrS?si=etmd-K2ORoK4hQfDD38t_w
296,דמות,מהר״י קורקוס,1490–1540 בקירוב,"ספרד, מצרים וירושלים",אחרונים,הלכה ורמב״ם,פירושי הרמב״ם,מפרש מרכזי של משנה תורה לרמב״ם ומבוני התשתית ההלכתית לתחיית היישוב בארץ ישראל.,לימוד התורה בשלמותה הוא הכנה לגאולה.,"הרדב״ז, הבית יוסף",https://open.spotify.com/episode/318qI4uBEs6NKIcOW2bnsG?si=dhyRM5mkRoSjFvrDYMdl8w
297,דמות,רבי בצלאל אשכנזי,1520–1592,מצרים וירושלים,אחרונים,תלמוד והלכה,שיטה מקובצת,מחבר השיטה מקובצת ומציל מרכזי של ספרות הראשונים באמצעות איסוף ועריכת כתבי יד נדירים.,שימור הזיכרון התורני הוא בניין עולם.,"האר״י, הרדב״ז",https://open.spotify.com/episode/7kuqHDuRlbICUtT61hWdfH?si=HjR-LN2uSTiEHooiRTyijA
298,דמות,רבי יוסף קארו,1488–1575,"ספרד, האימפריה העות'מאנית וצפת",אחרונים,הלכה וקבלה,"בית יוסף, שולחן ערוך","מחבר השולחן ערוך ומגדולי פוסקי ישראל, שעיצב את ההלכה היהודית לאחר גירוש ספרד.",יצירת סדר ואחדות הלכתית לעם מפוזר.,"הרמ״א, רבי יעקב בירב",https://open.spotify.com/episode/0dqB9uZCfNqapz7AN12H0I?si=XMEOChM8TE-RnOlbMOtpbw
299,דמות,המהרי״ל,1360–1427,גרמניה,ראשונים,"הלכה, מנהג ותפילה",מנהגי מהרי״ל,אבי מנהגי אשכנז וממעצבי הזהות ההלכתית והליטורגית של יהדות אשכנז.,המנהג הוא זיכרון חי של הדורות.,"הרמ״א, תרומת הדשן",https://open.spotify.com/episode/4JIgpuKHuW2KrBRlo94aZx?si=X6XSItleT162T7VpCtJvpA
300,דמות,רבי אברהם קלויזנר,1341–1408 בקירוב,אוסטריה,ראשונים,הלכה ומנהגים,ספר המנהגים,מגדולי חכמי אוסטריה ומעצב מרכזי של מסורת ומנהגי אשכנז לאחר משברי המאה ה־14.,המנהג משמר את נשמתה של הקהילה.,"המהרי״ל, תרומת הדשן",https://open.spotify.com/episode/0UBQxy7MVsKgQG9FPKNaOg?si=1Jf7NSo4SsmPWSu_58wN_w
301,דמות,רבי אהרן בלומלין,נפטר 1421,אוסטריה,ראשונים,הלכה והנהגה קהילתית,מסורת וינה,ממנהיגי יהדות אוסטריה שנרצח בגזירות וינה ושימר את מסורת אשכנז לדורות.,שימור המסורת הוא מעשה של גבורה רוחנית.,"תרומת הדשן, ישראל איסרלן",https://open.spotify.com/episode/7jqAc8vwpfd04zF5HdhtVG?si=NIpPdcKPSlqt4ZYjJ0Bq7g
302,דמות,רבי יצחק אייזיק טירנא,המאה ה־15,אוסטריה,ראשונים,מנהגים והלכה,ספר המנהגים,מחבר ספר המנהגים שהפך לאחד היסודות המרכזיים של אורח החיים האשכנזי.,הזיכרון הקהילתי הוא בסיס ההמשכיות היהודית.,הרמ״א,https://open.spotify.com/episode/7nFjZxQJCnOnTXIXlmoWYY?si=omFBw9zuSBW2WEW6jKHctQ
303,דמות,שרה אמנו,תקופת האבות,ארץ כנען,תנ״ך,"מנהיגות, נבואה ובניין האומה","חיי שרה, לך לך","אם האומה הישראלית, נביאה ומעצבת הזהות הרוחנית של בית אברהם.","הקדושה נבנית בתוך הבית, המשפחה והחיים.","אברהם אבינו, יצחק אבינו",https://open.spotify.com/episode/2XYXmPscJIo8gLmJov6AFc?si=XF9gOP5lRFCWnGfljXPY6w
304,דמות,רבי ישראל איסרלן,1390–1460,אוסטריה,ראשונים,הלכה ומנהג,תרומת הדשן,מגדולי פוסקי אשכנז ומעצב מרכזי של מסורת הפסיקה והמנהג האשכנזיים.,ההלכה והמנהג יחד בונים תרבות חיה.,"הרמ״א, לקט יושר",https://open.spotify.com/episode/7gv0dndMrYgU3b2qGxFpzW?si=poZI0OI3Th2PnLNleWinsg
305,דמות,מהר״י וייל,המאה ה־15,גרמניה,אחרונים,הלכה ומנהג,"שו״ת מהר״י וייל, שחיטות ובדיקות","מגדולי חכמי אשכנז ותלמיד המהרי״ל, ממעצבי ההלכה האשכנזית לאחר משברי ימי הביניים.","פסיקת הלכה צריכה להתבסס על פשט, בהירות ואחריות.","המהרי״ל, הרמ״א",https://open.spotify.com/episode/0Rnc7P2J3304nWXui892rt?si=DIH1yRrNRZe4vuOHAZoidQ
306,דמות,רבי יונה מרגנשבורג,המאה ה־13,גרמניה,ראשונים,"מוסר, הלכה וחסידות אשכנז",חסידי אשכנז,"מתלמידי רבי יהודה החסיד וממשיכי מסורת חסידות אשכנז, ששילב הנהגה מוסרית עם פסיקה קהילתית.",יראת שמים נבחנת גם ביחס לזולת ובאחריות חברתית.,"רבי יהודה החסיד, אור זרוע",https://open.spotify.com/episode/3AeKh8nYVsTUmTjaI89Y3i?si=Oxn2r9fXRHKe64kMuDFNIg
307,דמות,רבי יעקב לנדא,המאה ה־15,אשכנז ואיטליה,אחרונים,"הלכה, דפוס ומנהגים",ספר האגור,מחבר ספר האגור ומחלוצי המעבר של המסורת ההלכתית לעידן הדפוס.,"שמירת המסורת באמצעות סדר, דיוק והנגשה.","רבי יוסף קארו, הרמ״א",https://open.spotify.com/episode/0yb35S3e2aa4oFxvWAECuJ?si=qYgfJlXrShiOiFLbTA_sJA
308,דמות,רבי יעקב מרגליות מנירנברג,נפטר סביב 1492,גרמניה,אחרונים,"הלכה, גיטין והנהגה","סדר הגט, סדר החליצה",פוסק ומנהיג ציבורי ממעצבי דיני הגירושין והחליצה באשכנז המאוחרת.,יציבות מסורתית וזהירות הלכתית בתקופות שינוי.,"תרומת הדשן, רבי יעקב פולק",https://open.spotify.com/episode/2kJuUDKrdyK64FhvumpaJj?si=Qp01EykGShmivfMF3Ji3xA
309,דמות,המהר״ם מינץ,1415–1480 בקירוב,גרמניה ופולין,אחרונים,הלכה ומנהגים,שו״ת מהר״ם מינץ,מגדולי חכמי אשכנז ששימר והעביר את מסורות מגנצא לדורות הבאים.,שמירת הרצף הקהילתי וההלכתי גם בזמני משבר.,"מהרי״ל, קהילות שו״ם",https://open.spotify.com/episode/75RPO7QyMxuZh7fl9EQzre?si=c7UGVr2xSOGIka4lMjHYOg
310,דמות,רות המואבייה,תקופת השופטים,מואב וארץ ישראל,תנ״ך,"גירות, חסד ומלכות",מגילת רות,"אם מלכות בית דוד וסמל לחסד, נאמנות וקבלת התורה מתוך בחירה.",חסד ונאמנות יכולים לשנות את מהלך ההיסטוריה.,"בועז, דוד המלך",https://open.spotify.com/episode/2quAJp7CJMUhUg6u5gafmY?si=_MNH8Hv_RvKTAqVQZQWZSw
311,דמות,הרב ד״ר אברהם לבני,1925–1986,צרפת וישראל,העת החדשה,פילוסופיה ומחשבת ישראל,הסוד הישראלי,הוגה דעות ומתגייר שראה בשיבת ציון מענה רוחני למשבר התרבות המערבית.,מדינת ישראל היא מהלך רוחני בעל משמעות אוניברסלית.,"מניטו, הראי״ה קוק",https://open.spotify.com/episode/4Cgva97eqlxFZqxabMWiLM?si=Me_2YATYSwiTl_s_Z9F-mg
312,דמות,רבי יעקב פולק,1460–1541 בקירוב,גרמניה ופולין,אחרונים,"תלמוד, הלכה וראשי ישיבות",שיטת החילוקים,ממעבירי מרכז התורה לפולין וממפתחי שיטת הפלפול הישיבתית.,חריפות למדנית ככלי לחשיפת עומק התורה.,"הרמ״א, רבי שלום שכנא",https://open.spotify.com/episode/0iCRRqPsHHQlOtKAA6y0JC?si=TIZElYxqRRSoMQvqyjaOSA
313,דמות,רבי שלום שכנא מלובלין,1495–1558,פולין,אחרונים,ישיבות והלכה,ישיבת לובלין,"ראש ישיבה מרכזי בפולין ומורו של הרמ״א, ממעצבי עולם הישיבות הפולני.",התורה צריכה להישאר תהליך חי של עיון ושיקול דעת.,"רבי יעקב פולק, הרמ״א",https://open.spotify.com/episode/4aXaSFHWDx4VYnv5gINNBf?si=rFIsClYeRBC0TjKH0zmZug
314,דמות,המהרי״ק (רבי יוסף קולון),1420–1480 בקירוב,צרפת ואיטליה,אחרונים,הלכה ומנהג,שו״ת מהרי״ק,מגדולי הפוסקים שהעניקו למנהג הקהילתי מעמד מרכזי בפסיקה.,המנהג הוא חלק מהתורה החיה של עם ישראל.,"הרמ״א, תרומת הדשן",https://open.spotify.com/episode/5V8efc6gWfwrgHLR6E1AQZ?si=K1wj48mWQB-Z-Ki7GT2E9g
315,דמות,רבינו דוד בונפיד,המאה ה־13,ספרד,ראשונים,תלמוד ועיון,חידושי הרד״ב לפסחים,מתלמידי הרמב״ן ומגדולי המעמיקים בבית מדרש קטלוניה.,הבנת המבנה הפנימי של הסוגיה התלמודית.,"הרמב״ן, הר״ן",https://open.spotify.com/episode/3mgyFdCQJRAQWlTMAC3Ntt?si=lkMvLU1aQSadHQHI73ST4w
316,דמות,המהר״ם מפדובה,1473–1565,גרמניה ואיטליה,אחרונים,הלכה והנהגה,שו״ת מהר״ם מפדובה,פוסק מרכזי באיטליה שעמד בצומת שבין מסורת אשכנז למהפכת הדפוס.,שילוב בין נאמנות למסורת לרגישות אנושית.,"הרמ״א, מהר״י מינץ",https://open.spotify.com/episode/3nkaOJuTuUrJBmHUmfUX8i?si=SfveGPiwRfapx_wwmDWRNw
317,דמות,האר״י הקדוש,1534–1572,"ירושלים, מצרים וצפת",אחרונים,קבלה,עץ חיים,"מחדש הקבלה הלוריאנית ומעצב מרכזי של מושגי הצמצום, השבירה והתיקון.",האדם שותף פעיל בתיקון הבריאה.,רבי חיים ויטאל,https://open.spotify.com/episode/4oDKjvoyolPFMcbYCtO5Zt?si=UCaEc035TCGaLJrnxF4brw
318,דמות,הרמ״א (רבי משה איסרליש),1530–1572,פולין,אחרונים,"הלכה, מחשבה ומנהג","המפה, דרכי משה",מגדולי פוסקי אשכנז שהוסיף את הגהותיו לשולחן ערוך והפך אותו לספר ההלכה המאחד של כלל ישראל.,המנהג הוא חלק חי מן המסורת ההלכתית.,"רבי יוסף קארו, רבי שלום שכנא",https://open.spotify.com/episode/6GkFVCDreWYr2LmbN3L91b?si=Kzz3kW0QS7OAxfSR7UeLFA
319,דמות,רבי יהושע אבן שועיב,1280–1340 בקירוב,ספרד,ראשונים,"דרשנות, מחשבה וקבלה",דרשות רבי יהושע אבן שועיב,"מתלמידי הרשב״א ומגדולי הדרשנים בספרד, שהנגיש רעיונות עמוקים לציבור הרחב.","חיבור בין הלכה, אמונה וחיי המעשה.","הרשב״א, הרמב״ן",https://open.spotify.com/episode/0SXUcjCBFArZF4cHVpUd0W?si=47Av_mr3SJmzWf0wq-L6jQ
320,דמות,רבי יוסף אבן טבול,1545–1616 בקירוב,מרוקו וצפת,אחרונים,קבלה,דרושי חפצי בה,מתלמידי האר״י ששימר והפיץ מסורת עצמאית של הקבלה הלוריאנית.,ריבוי מסורות יכול לחשוף פנים שונות של אותה אמת.,"האר״י, רבי חיים ויטאל",https://open.spotify.com/episode/47ATwhBfywYAPzHptQjjic?si=6znBqpKgSqCmqRt_PXFstA
321,דמות,רבי יעקב בן חננאל סיקילי,המאה ה־14,ספרד,ראשונים,"הלכה, דרשנות וגאולה","ילקוט תלמוד תורה, תורת המנחה",מתלמידי הרשב״א שהדגיש את קדושת הארץ וחידוש החיים הלאומיים בארץ ישראל.,הגאולה דורשת גם יוזמה ומעשה אנושי.,הרשב״א,https://open.spotify.com/episode/0QDA50K2sCFRYcR3kLXrpM?si=t6DdGiFSSbyzDnblZLeg6g
322,דמות,רבי ישראל סרוג,סוף המאה ה־16 וראשית ה־17,איטליה ואירופה,אחרונים,קבלה,"עמק המלך, תורת המלבוש",ממפיצי קבלת האר״י באירופה ומפתח זרם מרכזי בקבלה הלוריאנית.,הפצת החכמה היא חלק מתהליך הגאולה.,"האר״י, הרמ״ע מפאנו",https://open.spotify.com/episode/0qevAfcXSrvElyw0v6rmd4?si=IIo9QsSORqaBIa-6KwBxWw
323,דמות,הרב שלמה יוסף זוין,1886–1978,רוסיה וישראל,העת החדשה,"הלכה, מחשבה ועריכה תורנית","האנציקלופדיה התלמודית, המועדים בהלכה","רב, סופר ועורך מפעל האנציקלופדיה התלמודית, שחיבר בין למדנות, חסידות וכתיבה מודרנית.",אפשר ליצור סדר ובהירות בלי לאבד את עומק התורה.,"חב״ד, האנציקלופדיה התלמודית",https://open.spotify.com/episode/51WVPh2bMIsk9wHI1sMe3i?si=r6lmz7N1TzGtMoGPTByEGA
324,דמות,רבי קרשקש וידאל,המאה ה־13–14,ספרד ופרובאנס,ראשונים,"הלכה, תלמוד ופילוסופיה",חידושי רבי קרשקש וידאל,"מתלמידי הרשב״א והרא״ה, שנודע כמפשר מרכזי בפולמוס הפילוסופיה ביהדות ספרד.",איזון בין פתיחות מחשבתית לנאמנות למסורת.,"הרשב״א, הרא״ה, הר״ן",https://open.spotify.com/episode/3IdyRVwc1dlzf9R2fYok1q?si=1Gl3GyLKT--eFnYqMM4QBA
325,דמות,האדר״ת (רבי אליהו דוד רבינוביץ'-תאומים),1843–1905,ליטא וירושלים,העת החדשה,"הלכה, מוסר והנהגה ציבורית","סדר אליהו, נפש דוד","רבה של פוניבז', מיר וירושלים, ומחותנו של הראי״ה קוק.",גדלות בתורה מחייבת אחריות ציבורית ודוגמה אישית.,"הראי״ה קוק, רבי שמואל סלנט",https://open.spotify.com/episode/7zHC1A3dQMNYpbYXahsYQd?si=uN2UN7MhRqCj-paZ5gS61Q
326,דמות,רבי יוסף ג'יקטיליה,1248–1325,ספרד,ראשונים,קבלה ומחשבה,"שערי אורה, גינת אגוז",מגדולי מקובלי ספרד ומסדר שיטת הספירות ושמות הקודש.,הטבע והקדושה הם גילויים שונים של אותה מציאות אלוקית.,"רבי אברהם אבולעפיה, האר״י",https://open.spotify.com/episode/4HMEfax0JRi5AhwtdObjpn?si=ZlpfNgYmQXSGNT69VcrROg
327,דמות,הרב צבי פסח פראנק,1873–1960,ליטא וישראל,העת החדשה,הלכה ורבנות ציבורית,"שו״ת הר צבי, מקראי קודש",רבה הראשי של ירושלים ומגדולי פוסקי ארץ ישראל בתקופת התחייה והקמת המדינה.,פסיקה הלכתית צריכה לשלב נאמנות למסורת עם אחריות לאומית.,"הראי״ה קוק, רבי שמואל סלנט",https://open.spotify.com/episode/6ONQBYcz8cRuTuz4ULWE6l?si=S7F5bpXISLaDUp3fZPQ_zw
328,דמות,רבי שלמה אבן גבירול,1021–1058 בקירוב,"מלגה וסרגוסה, ספרד",תור הזהב בספרד,שירה ופילוסופיה,"תור הזהב, פיוט, פילוסופיה ניאופלטונית, כתר מלכות, מקור חיים","משורר ופילוסוף מגדולי תור הזהב בספרד. חיבר את ""כתר מלכות"" ואת ""מקור חיים"" — יצירה פילוסופית שהשפיעה גם על ההגות הנוצרית בימי הביניים.",שילוב שירת קודש ופילוסופיה ניאופלטונית — הנפש עולה אל מקור החיים דרך התבוננות והכרה.,שמואל הנגיד; רבי יהודה הלוי; רבי משה אבן עזרא,https://open.spotify.com/episode/3n1i3UevwUsbqZszadtNin?si=6Qg0sUUsSZmvv2KeWW12KQ
329,דמות,רבי ישראל אבוחצירא (הבבא סאלי),1889–1984,"תאפיללת (מרוקו); נתיבות, ארץ ישראל",עת חדשה,קבלה והנהגה,"קבלה, צדיקות, מרוקו, נתיבות, שושלת אבוחצירא, ברכות","מקובל וצדיק ממשפחת אבוחצירא, נכדו של ה""אביר יעקב"". עלה ממרוקו והתיישב בנתיבות, שהפכה למוקד עלייה לרגל. נודע בפרישותו, בתפילותיו ובברכותיו.",קדושה ופרישות ככלי הנהגה ציבורית — דבקות אישית שמקרינה על עם שלם.,רבי יעקב אבוחצירא; שושלת אבוחצירא,https://open.spotify.com/episode/4zNV0OTiJsa1CUIm4xsy4e?si=lD9RIUmYSHyfLAYBk1_jiw&context=spotify%3Ashow%3A4nrvg1RLAoxg9C0vVYM8qv
330,דמות,"מהר""ש נוישטט (רבי שלום מנוישטט)",נפטר בסביבות 1413,"וינה ווינר נוישטט, אוסטריה",ראשונים מאוחרים,הלכה ומנהג,"מנהגי אשכנז, פסיקה, אוסטריה, רבו של המהרי""ל","מגדולי חכמי אשכנז בדור שלפני המהרי""ל ורבו המובהק. תורתו ומנהגיו תועדו בספר ""הלכות ומנהגי מהר""ש"" ועיצבו את מסורת המנהג האשכנזי.",המנהג כמקור הלכתי מחייב — תיעוד מנהגי הקהילות כבסיס לפסיקה.,רבי יעקב מולין; רבי ישראל איסרלן,
331,דמות,הרב ראובן מרגליות,1889–1971,לבוב; תל אביב,המאה ה־20,חקר התלמוד וביבליוגרפיה,"ביבליוגרפיה, מכון הרי פישל, פרס ישראל, שולי הגיליון, מרגליות הים","חוקר תורני וביבליוגרף מופלא, חתן פרס ישראל לספרות תורנית. חיבר עשרות ספרים בחקר התלמוד, הזוהר וההלכה, ושימש מנהל ספריית הרמב""ם בתל אביב.",דיוק ביבליוגרפי ככלי תורני — איתור מקורות והצלבתם חושפים את רציפות המסורת.,"רבי ישראל מאיר הכהן מראדין; החיד""א",https://open.spotify.com/episode/30nPMpyfBOS0oMuIfZlC7M?si=NCG5ucC9R1yITOkUq3hqAg
332,דמות,רבי יהודה מוסקאטו,1530–1593 בקירוב,"מנטובה, איטליה",רנסנס,דרשנות ופילוסופיה,"רנסנס איטלקי, דרשנות, נפוצות יהודה, קול יהודה, הכוזרי","מגדולי הדרשנים של יהדות איטליה ברנסנס. חיבר את קובץ הדרשות ""נפוצות יהודה"" ואת ""קול יהודה"" — הפירוש הקלאסי לספר הכוזרי.","מיזוג חכמת הרנסנס עם מסורת ישראל — רטוריקה, מוזיקה ופילוסופיה בשירות הדרשה.",רבי יהודה הלוי,https://open.spotify.com/episode/7n0jYXxrbyEW9fBiNOO0uc?si=WedYH--HRpGr71wfXixalg
333,דמות,שמואל (האמורא),המאה ה־3 לספירה (בערך 165–257),"נהרדעא, בבל",אמוראים,"הלכה, אסטרונומיה ורפואה","אמוראי בבל, נהרדעא, דינא דמלכותא דינא, לוח השנה, רב ושמואל","מגדולי אמוראי בבל וראש ישיבת נהרדעא, שביסס את עצמאותו של המרכז התורני בבבל מול ארץ ישראל. שילב גדלות הלכתית עם מומחיות באסטרונומיה וברפואה, וקבע את העיקרון ""דינא דמלכותא דינא"" שהסדיר את חיי הגולה.","מנהיגות ריאליסטית — עיגון הלכתי לקיום יהודי בגולה באמצעות ""דינא דמלכותא דינא"" ושליטה בחכמות העולם.","רב (אבא אריכא), רבי יהודה הנשיא, רב יהודה",
334,דמות,שמעון בר כוכבא,מרד 132–136 לספירה,יהודה,תנאים,הנהגה מדינית וצבאית,"מרד בר כוכבא, ביתר, רבי עקיבא, משיחיות, מטבעות המרד","מנהיג המרד האחרון ברומא (132–136), שכונן ריבונות יהודית קצרת ימים ביהודה עם מינהל, מטבעות ומערכות מסתור. חז""ל נחלקו בדמותו — בין משיחיות לאכזבה — ובעת החדשה שב כסמל של גבורה לאומית.",ריבונות כערך דתי־לאומי — הניסיון הממוסד האחרון לגאולה ארצית בכוח אנושי.,"רבי עקיבא, אדריאנוס קיסר",
335,דמות,רבי ישראל נג'ארה,בערך 1555–1625,צפת; דמשק; עזה,ראשית העת החדשה,"פיוט, הלכה וקבלה","פיוט, קה ריבון עלם, קבלת צפת, שירה עברית, עזה","מגדולי המשוררים שלאחר גירוש ספרד, מחבר ""קה ריבון עלם"". שילב לחנים מהמרחב העות'מאני עם תשוקה דתית עזה, וכיהן בסוף ימיו כרבה של עזה. שירתו הפכה את הפיוט למדיום של קדושה נגישה.","הקדושה נכנסת דרך הניגון — ""גיור"" לחנים זרים והפיכת השירה לעבודת ה' רגשית ואינטימית.","האר""י הקדוש, רבי משה נג'ארה (אביו)",
336,דמות,תודוס איש רומי,המאה ה־1 לספירה,רומא,תנאים,הנהגה קהילתית,"יהדות רומא, גדי מקולס, קידוש השם, תפוצות וארץ ישראל","מנהיג קהילת רומא בתקופת התנאים. הנהיג אכילת ""גדי מקולס"" בלילי פסחים ועורר פולמוס עם חכמים, ונודע בדרשתו על מסירות נפשם של חנניה מישאל ועזריה כמופת ליהדות הגולה.",הנהגה יהודית בתפוצות — שימור זהות וקידוש השם הרחק מהמרכז בארץ ישראל.,חכמי ארץ ישראל,
337,דמות,רבנו יונה גירונדי,בערך 1200–1263,"גירונה וברצלונה, ספרד; טולדו",ראשונים,מוסר והלכה,"שערי תשובה, מוסר, פולמוס הרמב""ם, קטלוניה","מגדולי הראשונים בספרד, מחבר ""שערי תשובה"" ו""עליות דרבנו יונה"". הפך את התשובה מחסידות ליחידי סגולה לחובה דתית לכלל ישראל, וחיבר בין מסורות הלימוד של צרפת וספרד.",דמוקרטיזציה של המוסר — התשובה כדרך חיים המחייבת כל אדם.,"הרמב""ן (בן דודו), הרשב""א (תלמידו)",
338,דמות,חכם דוד ניטו,1654–1728,ונציה; ליוורנו; לונדון,אחרונים,"הגות, הלכה ומדע","מטה דן, דאיזם, שבתאות, הקהילה הספרדית בלונדון, תורה שבעל פה","רבה של הקהילה הספרדית־פורטוגזית בלונדון בראשית המאה ה־18, רופא ואסטרונום. בספרו ""מטה דן"" הגן על סמכות התורה שבעל־פה בכלים רציונליים, ונאבק בזרמי הדאיזם והשבתאות.","הטבע הוא ההשגחה — זיהוי חוקי הטבע כפעולה אלוהית ישירה, כמענה רציונלי לדאיזם.","החכם צבי (שהגן עליו), חכמי איטליה",https://open.spotify.com/episode/2wO6vlCjeFe4JEEyWuh8xL?si=0tiGcmOATGiRSnC_Phgi3A
339,דמות,רבי שלמה אפרים מלונטשיץ (כלי יקר),בערך 1550–1619,פולין; פראג,אחרונים,פרשנות ודרשנות,"כלי יקר, דרשנות, פראג, ביקורת חברתית, תיקון המידות","בעל פירוש ""כלי יקר"" לתורה, דרשן וראש ישיבה שכיהן ברבנות פראג לצד המהר""ל וכממשיכו. שילב פרשנות פשט עם ביקורת מוסרית־חברתית חריפה נגד רדיפת ממון, שחיתות מנהיגות ולמדנות מנותקת.",הפרשנות כתוכחה — פשט המקרא ככלי לתיקון המידות והחברה.,"המהר""ל מפראג, המהרש""ל (רבו)",
340,דמות,הרב יצחק יעקב ריינס,1839–1915,"לידא, ליטא",העת החדשה,"הלכה, חינוך וציונות דתית","המזרחי, ציונות דתית, ישיבת לידא, לוגיקה תלמודית, תוכנית אוגנדה","מייסד תנועת ""המזרחי"" וישיבת לידא ששילבה לימודי קודש וחול. פיתח שיטת לימוד לוגית־מושגית לגמרא, והוביל ציונות מדינית פרגמטית שהעדיפה את הצלת חיי העם על שיקולי גאולה ניסית.",הפרדה בין צורכי השעה לגאולה — ביסוס הלכתי־רעיוני לציונות מדינית מעשית.,"הרב שמואל מוהליבר, בנימין זאב הרצל",https://open.spotify.com/episode/6MKql77q23ERrOc1ACLYvH?si=gbTjXyxMSdC9ky6jPP-Qeg
341,דמות,הרב אברהם יהושע צוקרמן,המאה ה־20,ירושלים; ישראל,עכשווי,חינוך והגות הציונות הדתית,"ציונות דתית, הרצי""ה קוק, אל עמי, חינוך, משנת הרב קוק","מתלמידיו המובהקים של הרצי""ה קוק ודמות מפתח בציונות הדתית. הקים מוסדות חינוך ותנועות חברתיות כ""אל עמי"", דגל בעמל כפיים וסירב להתפרנס מהתורה, והנגיש את משנת הראי""ה קוק לדורו.","היהדות כ""טבע החיים"" — אמונה הנבנית מתוך עשייה חלוצית, עמל ועבודת חינוך.","הרצי""ה קוק (רבו), הרב אלישע וישליצקי",https://open.spotify.com/episode/0GVZh265hNqdgBASfPbYhp?si=TQS8j8rgRPWy0Jri0l_QNg
342,דמות,הרב שלמה גורן,1917–1994,ישראל,המאה ה־20,הלכה צבאית וממלכתית,"הרבנות הצבאית, רב ראשי, הלכות מלחמה, הר הבית, עגונות","הרב הצבאי הראשי הראשון והרב הראשי האשכנזי לישראל. יצר מסד הלכתי לצבא ולריבונות הישראלית, התיר עגונות חללי צה""ל, וגיבש משנה סדורה בסוגיות לאומיות — מדיני מלחמה ועד העלייה להר הבית.",הלכה ממלכתית — התאמת ההלכה למדינה ולצבא מודרני מתוך קידוש חיי אדם ואומץ פסיקתי.,"הרב בן ציון מאיר חי עוזיאל, הרב עובדיה יוסף",https://open.spotify.com/episode/35CkuI8zlv4vcXlbkd2MN9?si=QQ5il2YhQASBWpNW-j_F2w
343,דמות,הרב יצחק הוטנר,1906–1980,ורשה; סלבודקה; ניו יורק; ירושלים,המאה ה־20,"מחשבה, מוסר וחינוך","פחד יצחק, ישיבת רבנו חיים ברלין, למדנות וחסידות, גדלות האדם","ראש ישיבת ""רבנו חיים ברלין"" בניו יורק ובעל סדרת ""פחד יצחק"". מיזג למדנות ליטאית אנליטית עם עומק חסידי ומוסרי, ופיתח משנה חינוכית הרואה במשברי האדם מצע הכרחי לצמיחתו הרוחנית.","""גדלות האדם"" — הנפילה והמשבר כשלבים הכרחיים בבניין האישיות הרוחנית.","הראי""ה קוק, הסבא מסלבודקה",
344,דמות,הרב יצחק אייזיק חבר,1789–1852,"ליטא (ראזינאי, סובאלק, טיקטין)",אחרונים,הלכה וקבלה,"קבלת הגר""א, בניין עולם, מגן וצינה, נגלה ונסתר","מגדולי ליטא במאה ה־19 וממשיך מסורת הגר""א בקבלה. חיבר את שו""ת ""בניין עולם"" ואת ""מגן וצינה"" להגנת קדמות הזוהר מפני ביקורת המשכילים, ופירש את הקבלה פירוש עיוני המרחיק כל הגשמה.","קבלה ליטאית שיטתית — הנגשת תורת הנסתר של הגר""א כמערכת עיונית סדורה מול אתגרי המודרנה.","הגר""א, רבי מנחם מנדל משקלוב",https://open.spotify.com/episode/5myb4NwaDvGMOOeafcJtXR?si=Ab4IllnCTAqMpuE_vZzhIg
345,דמות,רבנו שמחה מוויטרי,נפטר בערך 1105,"ויטרי, צפון צרפת",ראשונים,"הלכה, ליטורגיה ומנהג","מחזור ויטרי, בית מדרשו של רש""י, נוסח אשכנז, מנהג","מתלמידיו המובהקים של רש""י ועורך ""מחזור ויטרי"" — קומפנדיום מקיף של הלכה, תפילה ומנהג ששימר את תורת בית מדרשו של רש""י ועיצב באופן מכריע את נוסח אשכנז ודפוסי הפסיקה באירופה.",שימור כמהפכה — קיבוע מסורות שבעל־פה לקודקס כתוב שעיצב את התפילה האשכנזית לדורות.,"רש""י (רבו), בעלי התוספות",https://open.spotify.com/episode/6xiWssuJyV4GypDbnlCpl0?si=O1FhvO05Rl2-Kn2n4dgk1g&t=518
346,דמות,רבי משה די ליאון,1240–1305,"קסטיליה, ספרד",ראשונים,קבלה,"ספר הזוהר, קבלת קסטיליה, גירונה, ספרות הסוד","מגדולי המקובלים בקסטיליה במאה ה-13, שבידיו נתגלה (או נערך) ספר הזוהר. חיבר גם ספרי קבלה בעברית כ""שקל הקודש"", ועמד במוקד המחלוקת ההיסטורית על קדמות הזוהר.",העמדת ספר הזוהר במרכז ארון הספרים היהודי — הטקסט המכונן של תורת הסוד.,"רבי שמעון בר יוחאי (ייחוס הזוהר), מקובלי גירונה",https://open.spotify.com/episode/5hjMOYSZfyk2PpvO1z7y60?si=xvtDucKGTcqSJ5rNgkG76A&context=spotify%3Ashow%3A4nrvg1RLAoxg9C0vVYM8qv
347,דמות,פרופ' נחמה ליבוביץ,1905–1997,ריגה; ברלין; ירושלים,המאה ה־20,"פרשנות ולימוד תנ""ך","גיליונות, לימוד תנ""ך, פרשנות, הוראה, פרס ישראל","מורת הדור ללימוד תנ""ך. ""הגיליונות"" השבועיים שלה (1942–1993) לימדו דורות לקרוא פרשנות מקרא בעיון ביקורתי, והפכו את לימוד פרשת השבוע לנחלת הכלל.","דמוקרטיזציה של פרשנות המקרא — כל לומד יכול וחייב להשוות פרשנים ולשאול ""מה קשה לרש""י?"".","רש""י ופרשני המקרא, אחיה ישעיהו ליבוביץ",https://open.spotify.com/episode/6EaZkWizKCeYuAEQsTP6dy?si=2e9vYWwFTvS5LFsBXBBg6A
348,דמות,הרב אליהו אליעזר דסלר,1892–1953,ליטא; לונדון; גייטסהד; בני ברק,המאה ה־20,מוסר ומחשבת ישראל,"מכתב מאליהו, ישיבת קלם, נקודת הבחירה, משגיח רוחני פוניבז'","מגדולי אנשי המוסר במאה העשרים, חניך ישיבת קלם ומשגיח רוחני בישיבת פוניבז'. בספרו ""מכתב מאליהו"" גיבש תפיסה עמוקה של נפש האדם, הבחירה החופשית והנתינה.","""נקודת הבחירה"" — המאבק האמיתי בין טוב לרע מתרחש בגבול הנע שבין הרגל להיעדר בחירה; והרעיון שהאדם אוהב את מי שהוא נותן לו, לא רק את מי שנותן לו.","רבי ישראל מסלנט, ישיבת קלם, ישיבת פוניבז'",https://open.spotify.com/episode/59EdZjP2KomK9bh71JzxVm?si=G29DvxBSR6KAIoMMusxssA
349,דמות,רבי יהודה קורייאט,המאה ה־18–19,"מרוקו (פאס); ליבורנו, איטליה",אחרונים,קבלה ושימור מסורת,"מאור ושמש, קבלת המגרב, ליבורנו, הסכמת רבי חיים פינטו","מן המקובלים הבולטים של יהדות מרוקו ולימים מחכמי ליבורנו. חיבר את ""מאור ושמש"" (תקצ""ט/1839), אוצר מסורות קבליות של ספרד והמגרב, ושימש רבו ודודו של רבי אליהו בן אמוזג.","שימור והעברה — ריכוז מסורות קבליות עתיקות ממרוקו וספרד תחת קורת גג אחת, שהעניק בסיס לצמיחת הגותו המקורית של תלמידו בן אמוזג.","רבי יהודה בן עטר (סבו), רבי חיים פינטו הראשון, רבי אליהו בן אמוזג (תלמידו ובן אחותו)",https://open.spotify.com/episode/1nKOHBJ23TLr78cnGNeESU?si=D48u0GKySzW0Abo48o_s6A
350,דמות,רבי חביב טולידאנו,המחצית הראשונה של המאה ה־19,"מקנס, מרוקו",אחרונים,"הלכה, מחשבה ותיעוד משפחתי","תרומת הקודש, אילן יוחסין טולידאנו, מכון טולידאנו ירושלים","מחכמי מקנס שביקש לחזק את יסודות האמונה מול השפעות אירופיות חדשות. חיבר את ""תרומת הקודש"" וערך אילן יוחסין מפורט של משפחת טולידאנו.",שמירת המסורת כשילוב בין חינוך תורני להנחלת זיכרון היסטורי־משפחתי; בדורות מאוחרים המשיכו צאצאיו בדרך של הנגשה והסברה במקום הסתגרות.,"משפחת טולידאנו, מכון טולידאנו בירושלים",https://open.spotify.com/episode/7rk4ockzy5i8MSThnAtJ2b?si=YkCuaUNBRfWHO4U4QqJEZw
351,דמות,הרבי מלובביץ' (רבי מנחם מנדל שניאורסון),1902–1994,ניקולייב; ברלין ופריז; ברוקלין,המאה ה־20,חסידות והנהגה עולמית,"חב""ד־ליובאוויטש, מפעל השלוחים, מבצעים, שלמות ארץ ישראל","האדמו""ר השביעי של חב""ד־ליובאוויטש, שילב למדנות תורנית עם השכלה מדעית רחבה ויצר את מפעל השלוחים העולמי ואת ""המבצעים"" להפצת תורה ומצוות בקרב כלל ישראל.","אחריות אישית אוניברסלית — לכל יהודי יש שליחות ייחודית, וכל אדם וכל מקום ראויים לגישה ישירה לתורה וזהות יהודית, ללא תלות במרחק ממרכזי התורה.","רבי לוי יצחק שניאורסון (אביו), חסידות חב""ד, מפעל השלוחים",https://open.spotify.com/episode/7fQ0ISYl8xXKqbqQN9DLub?si=9bkwsQotQFeCXu1IUjS5cA
352,דמות,הצמח צדק (רבי מנחם מנדל שניאורסון),1789–1866,"ליובאוויטש, רוסיה",אחרונים,חסידות והלכה,"שו""ת צמח צדק, וועידת פטרבורג, קנטוניסטים, דרך מצוותיך","האדמו""ר השלישי של חב""ד, שילב הנהגה חסידית עם פסיקה הלכתית רחבת היקף בשו""ת ""צמח צדק"", ופעל להתרת עגונות ולהגנת יהדות רוסיה מול גזירות השלטון הצארי.","חיבור בין חסידות להלכה — עצמאות מחשבתית בפסיקה תוך נאמנות למסורת, לצד עמידה ציבורית איתנה מול לחץ מדיני (וועידת פטרבורג, פרשת הקנטוניסטים).","רבי שניאור זלמן מלאדי (סבו), רבי דובער שניאורי (חמיו), בנו רבי שמואל (המהר""ש)",https://open.spotify.com/episode/42DP4ZMH6a423Kz6EW30Tx?si=FeoyMM7iTB25Xxa1qSqB5w%0A
353,דמות,"רבי דובער שניאורי (האדמו""ר האמצעי)",1773–1827,"ליאדי; ליובאוויטש, רוסיה",אחרונים,חסידות והנהגה ציבורית,"רחובות הנהר, מושבות חקלאיות, חברון, חג הגאולה (י' בכסלו)","האדמו""ר השני של חב""ד, העביר את מרכז החסידות לליובאוויטש, הרחיב שיטתית את רעיונות אביו (""רחובות הנהר""), ופעל להקמת מושבות חקלאיות ולחיזוק היישוב בחברון.","הרחבה שיטתית של המחשבה החסידית לצד אחריות חברתית־כלכלית מעשית — מיסוד החסידות כתנועה בעלת מוסדות ופעילות ציבורית רחבה, לא רק סביב דמות המייסד.","רבי שניאור זלמן מלאדי (אביו וסבו של אשתו), רבי אהרן מסטרשלה, חתנו הצמח צדק",https://open.spotify.com/episode/0J2MRPc1AEBI5eLsklGJ7k?si=dG5KDIysR66JS3CHNW3-lw
354,דמות,רבי יהושע בן חנניה,המאה ה־1–2 לספירה,"יבנה, ארץ ישראל",תנאים,הלכה ומנהיגות ציבורית,"לא בשמים היא, תנורו של עכנאי, יבנה, נפח","תלמיד רבן יוחנן בן זכאי, מגדולי חכמי דור יבנה. התפרנס ממלאכת נפחות, הכריע במחלוקת ""תנורו של עכנאי"" את עקרון ""לא בשמים היא"", ושימש נציג הציבור היהודי מול השלטון הרומי.","""לא בשמים היא"" — לאחר מתן תורה ההכרעה ההלכתית נתונה לשיקול דעת חכמים ולא לאותות ומופתים משמימיים.","רבן יוחנן בן זכאי, רבי אליעזר בן הורקנוס, רבן גמליאל",https://open.spotify.com/episode/4GuQl9XmYIYRZ48ooTWu4Q?si=_HTGr4CjQH6pTzvYmaQK5Q
355,דמות,שמאי הזקן,"המאה ה־1 לפנה""ס",ירושלים,ימי בית שני,הלכה והנהגה,"בית שמאי, סנהדרין, אמת הבניין, שמונה עשר דבר","אב בית הדין של הסנהדרין הגדולה לצד הלל הזקן, בנאי במקצועו ומייסד ""בית שמאי"". הדגיש קפדנות הלכתית וגבולות ברורים, לצד עקרונות מוסריים כגון ""הוי מקבל את כל האדם בסבר פנים יפות"".","הצבת אידיאל השלמות כמוקד ההלכה — הבדל עקרוני מבית הלל, שהתמקדו במציאות הקיימת ולא רק בפוטנציאל השאיפה.","הלל הזקן, בית שמאי, בית הלל",https://open.spotify.com/episode/65lrqwQXxGTkyqwur7nji0?si=Ay_LuqUuTrqIIJkzNpWaug
356,דמות,הלל הזקן,"המאה ה־1 לפנה""ס–1 לספירה",בבל; ירושלים,ימי בית שני,הלכה והנהגה,"נשיא הסנהדרין, פרוזבול, שבע מידות, בית הלל","עלה מבבל בעוני, התמנה לנשיא הסנהדרין לאחר שפתר סוגיית קרבן פסח בשבת, וייסד את ""שבע המידות"" לדרשת התורה. תיקן את הפרוזבול, ונודע בענוותנותו ובסבלנותו.","""דעלך סני לחברך לא תעביד"" — עקרון מוסרי מכונן, לצד ענווה ורגישות למציאות כיסוד לפסיקת ההלכה כבית הלל.","שמאי הזקן, שמעיה ואבטליון, בית הלל",https://open.spotify.com/episode/65r9B8NufuGizEvQUqbuM5?si=YZ_2WsohSWeQbGuoVC_ang
357,דמות,רבי אלעזר בן עזריה,המאה ה־1–2 לספירה,"יבנה, ארץ ישראל",תנאים,הלכה והנהגה,"נשיא הסנהדרין, הרחבת בית המדרש, יבנה, עשירות ופרנסת תלמידי חכמים","צאצא לעזרא הסופר, התמנה לנשיא הסנהדרין בגיל שמונה עשרה בעקבות משבר ההנהגה סביב רבן גמליאל. ביטל את ההגבלה על הכניסה לבית המדרש והרחיב משמעותית את מעגל הלומדים.",פתיחת שערי בית המדרש לכלל המבקשים ללמוד — הכוח הרוחני של התורה גדל דווקא כשמספר הלומדים מתרחב.,"רבן גמליאל, רבי יהושע בן חנניה, רבי עקיבא",https://open.spotify.com/episode/581Qie3gJwcdnadi7wnNF2?si=NUWvc9q9QEKZ2_7X-kd36w
358,דמות,רבי אליעזר הגדול (רבי אליעזר בן הורקנוס),המאה ה־1–2 לספירה,"לוד; יבנה, ארץ ישראל",תנאים,הלכה ומסורת,"תנורו של עכנאי, נידוי, ישיבת לוד, בור סוד שאינו מאבד טיפה","תלמיד רבן יוחנן בן זכאי ומייסד ישיבת לוד, נודע בנאמנותו המוחלטת למסורת. במחלוקת ""תנורו של עכנאי"" הובא אותות משמים לתמיכת עמדתו, אך נדחה עקרונית ובסופו של דבר נודה.","נאמנות מוחלטת למסורת שנמסרה מסיני, אף כשהיא מובילה לעימות עם עמדת הרוב ולמחיר אישי כבד — נידוי ובדידות עד יום מותו.","רבן יוחנן בן זכאי, רבי יהושע בן חנניה, רבי עקיבא",https://open.spotify.com/episode/1tmf7drUh7Zwm09Ndy0seU?si=Fl_mRgiTRDKJx9UA2iZ_2A
359,דמות,"רבי אליהו בן חיים (הראנ""ח)",בקירוב 1530–1613,"אדריאנופול; קושטא, האימפריה העות'מאנית",אחרונים,פסיקת הלכה והנהגה,"חכם באשי, קושטא, התקבלות השולחן ערוך, כתר ארם צובה","כיהן כחכם באשי של קושטא ואיחד תחת סמכותו קהילות ממסורות שונות באימפריה העות'מאנית. עדותו בשו""ת שלו על התקבלות פסיקת רבי יוסף קארו היא מקור היסטורי מרכזי, ודקדק בנוסח המקרא על פי כתר ארם צובה.","איחוד הלכתי של קהילות מפוצלות תחת סמכות פסיקה מוסכמת, ותיעוד היסטורי מדויק של התקבלות השולחן ערוך כספר הפסיקה המרכזי.","רבי יוסף קארו, רבי מרדכי מטלון, רבי עקיבא איגר",https://open.spotify.com/episode/0N8Q02IOA6RpiF5hrOfEKn?si=UzuDBm9YQCepHYmkGzcZug
360,דמות,רבי חיים בן עטר (בעל אור החיים),1696–1743,"סאלי, מרוקו; ליבורנו; ירושלים",אחרונים,"פרשנות התורה, הלכה וקבלה","אור החיים, מדרש כנסת ישראל, כבה נר המערבי, גאולת אחישנה ובעתה","מגדולי חכמי מרוקו במאה ה־18, פרשן, פוסק ומקובל. חיבר את ""אור החיים"" המשלב פשט, רמז, דרש וסוד, והקים בירושלים את ישיבת ""כנסת ישראל"". הבעל שם טוב ספד לו במות: ""כבה נר המערבי"".","שילוב שיטתי של ארבעת רבדי הפרשנות (פרד""ס) בפירוש אחד, לצד תפיסת גאולה המבחינה בין ""אחישנה"" מהירה ל""בעתה"" הדרגתית.","הבעל שם טוב, ועד כנסת ישראל בליבורנו",https://open.spotify.com/episode/3HwpG5NALcGOQmbs1wwR4N?si=2otS_OCBTYaCbDWu2xZarQ
361,דמות,שרה שנירר,1883–1935,"קרקוב, פולין; וינה",המאה ה־20,חינוך,"בית יעקב, חינוך בנות, החפץ חיים, שיטתו של הרש""ר הירש","מייסדת רשת ""בית יעקב"", שפתחה ב־1918 כיתה ראשונה של שבע תלמידות ותוך פחות משני עשורים צמחה למאות בתי ספר ועשרות אלפי תלמידות. זכתה לתמיכת החפץ חיים ומנהיגי אגודת ישראל.","הקמת מערכת חינוך תורני שיטתי לבנות מול פערי ההשכלה הכללית, מתוך שילוב למדנות עם עומק רגשי וחוויתי.","החפץ חיים, הרב שמשון רפאל הירש, הרבנית ויכנא קפלן",https://open.spotify.com/episode/74WdM2qTXHDJy1s5uar69w?si=F3NlHmrYRSq0scH13afJjQ
362,דמות,הרבנית ויכנא קפלן,1913–1986,סלונים; קרקוב; ניו יורק,המאה ה־20,חינוך,"בית יעקב אמריקה, וויליאמסבורג, תנועת המוסר, רבי אלחנן וסרמן","תלמידתה המובהקת של שרה שנירר, ייסדה ב־1937 את רשת ""בית יעקב"" בארצות הברית, החל מכיתה קטנה בביתה שבוויליאמסבורג ועד למוסד חינוכי רחב היקף עם פנימייה, תיכון וסמינר להכשרת מורות.","התאמת מודל ""בית יעקב"" האירופי למציאות האמריקאית, תוך שילוב דרישות רוחניות גבוהות עם יחס אישי ורגישות חינוכית.","שרה שנירר, רבי ישראל יעקב לובצ'נסקי, רבי אלחנן וסרמן",https://open.spotify.com/episode/7gEH0FmW9xyX4je0Jk40A7?si=9VHkgmhURN2trmReuSg2hg
363,דמות,"הרבנית ד""ר ברוריה דייוויד",1938–2023,ניו יורק; ירושלים,המאה ה־20–21,חינוך נשים ולמדנות,"מכון שרה שנירר (BJJ), הרב יצחק הוטנר, פחד יצחק, למדנות נשית","בתו של הרב יצחק הוטנר, בעלת דוקטורט מאוניברסיטת קולומביה, ייסדה ומיכוונת את מכון שרה שנירר בירושלים כמוסד עילית ללמדנות נשים חרדיות, ועמדה בראש עריכת ספרי אביה לאחר פטירתו.",העצמת הלמדנות הנשית ברמה אינטלקטואלית גבוהה מבלי לערער על גבולות המבנה המסורתי של עולם התורה.,"הרב יצחק הוטנר (אביה), הרב יונתן דייוויד (בעלה), פרופ' סאלו בארון",https://open.spotify.com/episode/6hBYh8i79O4pCQKeB10QNN?si=IuDV3verTYivgK2SuPnG9w
364,דמות,הרבנית דענה ויינברג,1938–2023,ירושלים,המאה ה־20–21,חינוך נשים,"מדרשת איה""ת (EYAHT), אש התורה, תשובה, גדלות","ממקימות עולם התשובה לנשים, ייסדה ב־1984 את מדרשת איה""ת שהתפתחה למרכז לימוד בינלאומי לנשים. לצד בעלה הרב נח ויינברג, שילבה למדנות מעמיקה, עבודת מידות וגידול משפחה גדולה.","""לא מספיק להיות טובים - עלינו להיות גדולים"" — לימוד עמוק ותובעני לנשים כדרך להגשמת ייעוד אישי, לא ויתור מתוך ענווה מדומה.","הרב נח ויינברג (בעלה), אש התורה",https://open.spotify.com/episode/4pXB7MODLOE9Od1QA1DC0J?si=4gAFChgSQu2_jY78fu0gmg
365,דמות,הרבנית אסתר יונגרייז,1936–2016,"סגד, הונגריה; ברגן־בלזן; ניו יורק",המאה ה־20,קירוב לבבות וחינוך,"תנועת הנני, ניצולת שואה, השואה הרוחנית, קירוב","ניצולת שואה שהקימה ב־1973 את תנועת ""הנני"", אשר התפתחה לרשת מוסדות חינוך, מרכזי מורשת ופרויקטים חברתיים. הזהירה מפני ""השואה הרוחנית"" של התבוללות וניתוק מהמסורת.","תגובה לחורבן השואה באמצעות בניית דור יהודי חדש המחובר לתורה, ולא רק זכירת האבל — אחריות במקום ייאוש.","הרבי מלובביץ' (המעורר לפעילות), שלומית יונגרייז־וולף (בתה)",https://open.spotify.com/episode/39zLdLIz7vxGqmTAJn8oRF?si=ABN88SvdQLiGevbk98julA
366,דמות,הרבנית ברכה קאפח,1922–2013,"צנעא, תימן; ירושלים",המאה ה־20,חסד ועשייה קהילתית,"סגולת נעמי, יהדות תימן, פרס ישראל, חסד","אשת חסד ומנהיגת קהילה, ייסדה את עמותת ""סגולת נעמי"" לסיוע לאלפי משפחות בירושלים. בעלה, הרב יוסף קאפח, הקדיש עצמו להדרת כתבי הרמב""ם, בעוד היא בנתה תשתית כלכלית וחברתית למשפחה ולקהילה.",חסד כמערכת מאורגנת ומכובדת ולא כמעשה חד־פעמי — שילוב לב רחב עם סדר וניהול קפדני כדי לשמור על כבוד המקבלים.,הרב יוסף קאפח (בעלה),https://open.spotify.com/episode/78MX2sAT6M6hAi0qCuuhb7?si=-05qETOVSCGChK_7lpJwmA&utm_source=copy-link
367,דמות,הרבנית שרה הרצוג,1896–1979,לטביה; סקוטלנד; אירלנד; ירושלים,המאה ה־20,מנהיגות ציבורית וחסד,"תנועת אמונה, בית החולים הרצוג, הרב יצחק אייזיק הרצוג, שירות לאומי","רעייתו של הרב הראשי יצחק אייזיק הרצוג, הובילה מפעל חברתי רחב: הקמת תנועת ""אמונה"" ב־1959, פיתוח בית החולים הרצוג, ועידוד השכלה ותעסוקה לנשים דתיות.",שילוב נאמנות הלכתית עם מעורבות ציבורית פעילה — האישה תורמת לבניין החברה והאומה ולא רק לבית.,"הרב יצחק אייזיק הלוי הרצוג (בעלה), חיים הרצוג (בנה), יצחק הרצוג (נכדה)",https://open.spotify.com/episode/5cRN0ef6AcQepyWCQ1IKwv?si=fgo8Tk4GSBORkdMUO9tVuw&utm_source=copy-link
368,דמות,טובה סנהדראי-גולדרייך,1906–1993,גליציה; ארץ ישראל,המאה ה־20,מנהיגות ציונית־דתית,"תנועת אמונה, המפד""ל, כנסת, שירות לאומי","חברת הכנסת הדתית הראשונה, ממנהיגות תנועת ""אמונה"" ומקימת ""רשימת הפועלת והאישה הדתית"" ב־1949. כיהנה ארבע קדנציות בכנסת מטעם המפד""ל וקידמה חקיקה חברתית ורווחתית.",שילוב מחויבות הלכתית עם אחריות ציבורית ופרלמנטרית — הרחבת השתתפות נשים דתיות בבניין המדינה מבלי לוותר על עקרונות.,"תנועת אמונה, המפד""ל",https://open.spotify.com/episode/0RuE8l4DbgcRxBQWjGBUv3?si=rW9fZeAOTueEFDMOKUR5mQ
369,דמות,הרב עמוס כמוס חיים גואטה,1951–2026,"לוב; נתניה, ישראל",עכשווי,קבלה והנהגה רוחנית,"יהדות לוב, ישיבת רבי יצחק חי טייב, קבלה, פשטות","מקובל וראש ישיבה, מנהיג קהילת יהדות לוב בנתניה, הקים את ישיבת ובית המדרש ""רבי יצחק חי טייב"". חי בפשטות רבה וסירב לקבל תשלום אישי, ונרצח בביתו מדרשו בי""ז בתמוז תשפ""ו (2026).","שילוב עומק קבלי עם פשטות אישית קיצונית וענווה — הנהגה רוחנית פתוחה וזמינה לכל אדם, ללא מחיצות.","הרב שמעון גבאי, המקובל רבי אברהם מרדכי יצחקי",https://open.spotify.com/episode/2FCDtvLfOdUiMuZappKmKp?si=9UljEh1-Q4C1N7eNrsB3wA&utm_source=copy-link
370,דמות,שרה שטרן-קטן,1918–2001,"לודז', פולין; ארץ ישראל",המאה ה־20,רווחה ומנהיגות ציבורית,"תנועת אמונה, פרס ישראל, ניצולת שואה, עבודה סוציאלית","ניצולת גטו לודז' ואושוויץ, עובדת סוציאלית וחברת כנסת מטעם המפד""ל, שימשה נשיאת תנועת ""אמונה"". חיברה בין ערכי ""תורה ועבודה"" לבין הכשרה מקצועית בעבודה סוציאלית.",גמילות חסדים כמערכת מקצועית ולא רק כרצון טוב — חיזוק הרווחה החברתית כביטוי מעשי למצוות התורה ולכבוד האדם.,"קבוצת יבנה, תנועת אמונה, המפד""ל",https://open.spotify.com/episode/1aD7ZsAgg6SdgWpBfy2orm?si=pCIEOLsfTe23nVNHGQVRCQ&utm_source=copy-link
371,דמות,הנרייטה סאלד,1860–1945,"בולטימור, ארצות הברית; ארץ ישראל",המאה ה־19–20,חינוך וציונות,"הדסה, עליית הנוער, מכתב הקדיש, JPS","מחנכת וציונית, מייסדת ארגון ""הדסה"" ומנהיגת מפעל ""עליית הנוער"". למדה תלמוד ב־JTS בתנאי שלא תוסמך לרבנות, וכתבה את ""מכתב הקדיש"" על מחויבות רוחנית של נשים.","שילוב מסורת, ציונות וחסד — הצלת ילדים בעליית הנוער כללה שמירה על עולמם הרוחני והתרבותי לצד ההצלה הפיזית.","החברה היהודית להוצאה לאור (JPS), בית המדרש לרבנים (JTS)",https://open.spotify.com/episode/0Ck5Kbih9i0wxQG6BVPt02?si=l1zAOAkHSmWVZPUY3txncQ&utm_source=copy-link
372,דמות,אהרן הכהן,"המאה ה־13 לפנה""ס",מצרים; מדבר סיני,עת המקרא,כהונה והנהגה,"כהן גדול, אוהב שלום ורודף שלום, חטא העגל, ברכת כהנים","אחיו הגדול של משה רבנו והכהן הגדול הראשון. נודע כאוהב שלום ורודף שלום המקרב אנשים לתורה מתוך אהבה, ונשא באחריות מורכבת בפרשת חטא העגל ובמות בניו נדב ואביהוא.","""הוי מתלמידיו של אהרן, אוהב שלום ורודף שלום, אוהב את הבריות ומקרבן לתורה"" — קירוב באמצעות אהבה ויחס אישי, לא באמצעות תוכחה ופחד.","משה רבנו (אחיו), נדב ואביהוא (בניו)",https://open.spotify.com/episode/5IngtmCeOoXdmrTqXfwz2X?si=LGFrsWp1RLacuUdBQKTlcw&utm_source=copy-link
373,דמות,רב יהודה בר יחזקאל,220–299 לספירה,"פומבדיתא, בבל",אמוראים,הלכה והנהגה,"ישיבת פומבדיתא, מילי דנזיקין, ברכת האילנות, נהרדעא","מגדולי אמוראי בבל, תלמיד רב ושמואל, ייסד לאחר חורבן נהרדעא את ישיבת פומבדיתא שהתקיימה כמעט שמונה מאות שנה. חיבר את מסורות סורא ונהרדעא לאסכולה חדשה, והשפיע על מנהגי הברכות והתפילה.","""הרוצה להיות חסיד יקיים מילי דנזיקין"" — יסוד החסידות האמיתית נמדד ביושר ובזהירות מהיזק לזולת, לא רק בפרישות.","רב, שמואל, רבה, רב יוסף, רבי זירא",https://open.spotify.com/episode/2DC70i2c0rP8sdAlwl9GK7?si=zWejBWg1QiOjY55oNKCJ0w&utm_source=copy-link
374,דמות,רבן גמליאל דיבנה,המאה ה־1–2 לספירה,יבנה; ארץ ישראל; קהילות התפוצות,תנאים,"נשיאות, הלכה והנהגה","נשיא הסנהדרין, יבנה וחכמיה, שמונה עשרה, ברכת המינים, קידוש החודש, בו ביום","נשיא הסנהדרין לאחר חורבן הבית השני, שפעל לשיקום מוסדות התורה ולביסוס יבנה כמרכז ההנהגה. חיזק את סמכות בית הדין ואת האחדות ההלכתית, ועיצב יסודות מרכזיים של התפילה והחיים היהודיים לאחר החורבן.","אחדות הלכתית היא תנאי לקיום העם, אך סמכות ציבורית חייבת להשתלב בענווה, הקשבה ושיתוף פעולה עם החכמים.","רבן שמעון בן גמליאל הראשון (אביו), רבי יהושע בן חנניה, רבי אליעזר בן הורקנוס, רבי אלעזר בן עזריה, רבי יהודה הנשיא (נכדו)",https://open.spotify.com/episode/0ufYEm4mK1VJIuNFrlPD8h?si=9phSWJH3REm4cpxr8Xo-Vg&utm_source=copy-link
375,דמות,הרבנית בת שבע אסתר קניבסקי,1932–2011,ירושלים; בני ברק,המאה ה־20–21,"חסד, תפילה והנהגה רוחנית לנשים","בית רשב״ם, חסד, תפילה, תהילים, עצה וברכה, צניעות","בתו של הרב יוסף שלום אלישיב, נכדת רבי אריה לוין ורעיית הרב חיים קניבסקי. ביתה בבני ברק הפך לכתובת לאלפי נשים שביקשו עצה, תפילה וחיזוק, ולמוקד של צדקה, סיוע למשפחות וליווי חולים.","השפעה רוחנית אינה תלויה בתפקיד רשמי: הקשבה אישית, חסד ואמונה פשוטה יכולות להפוך בית פרטי למרכז של תקווה ואהבת ישראל.","הרב יוסף שלום אלישיב (אביה), רבי אריה לוין (סבה), הרב חיים קניבסקי (בעלה), הרבנית לאה קולדצקי (בתה)",https://open.spotify.com/episode/7BOVg3jdw72gW6XVSLUCOm?si=nnNs9r-yTcyEmOLlqZAPfQ&utm_source=copy-link
376,דמות,רבן שמעון בן גמליאל הראשון,המאה ה־1 לספירה,ירושלים; יהודה,סוף ימי בית שני,"נשיאות, הלכה והנהגה לאומית","נשיא הסנהדרין, המרד הגדול, הנהגה מתונה, עשרת הרוגי מלכות, צדק חברתי","נשיא הסנהדרין ערב חורבן הבית השני וממנהיגי המחנה המתון בירושלים. ניסה לרסן את האלימות הפנימית ולשמור על עתיד העם, ובפסיקתו גילה רגישות למצוקות כלכליות ולצורכי הציבור.","״לא המדרש הוא העיקר אלא המעשה״ — הנהגה תורנית נבחנת באחריות ציבורית, ביושר וביכולת לתרגם ערכים לפעולה במציאות משברית.","הלל הזקן (אבי השושלת), חנן בן חנן, יהושע בן גמלא, רבן גמליאל דיבנה (בנו), רבן יוחנן בן זכאי",https://open.spotify.com/episode/3VkOzr5s5Qg4QmzPUe7nWG?si=CAxS9VrDQRaSPyrijbYBWA&utm_source=copy-link
377,דמות,רב חסדא,217–309 לספירה,"כפרי; סורא, בבל",אמוראים,"הלכה, הנהגה וכלכלה","ישיבת סורא, שיכר תמרים, דיני ממונות, הונאה, תפילת הדרך, חלומות","מגדולי אמוראי בבל בדור השני והשלישי, תלמידו של רב וראש ישיבת סורא בשנותיו האחרונות. צמח מעוני לעושר בזכות עסקיו, תמך בתורה ובנזקקים, ונודע בחריפות למדנית ובפסיקה רגישה ליושר ולהגנת החלש.","שילוב תורה עם עצמאות כלכלית ואחריות חברתית: עושר, למדנות והנהגה מקבלים ערך כאשר הם משרתים יושר, חסד ובניין מוסדות התורה.","רב (רבו), רב הונא, רבה בר נחמני, רמי בר חמא, רבא",https://open.spotify.com/episode/2T8PkeKAtWyvbGc1woL1Mo?si=jxIV5_5HSEG9sMcL_p9FlQ&utm_source=copy-link
378,דמות,רבי אליהו בן שלמה זלמן – הגאון מווילנה,1720–1797,"וילנה, ליטא; ארץ ישראל באמצעות תלמידיו",העת החדשה,"תלמוד, הלכה, קבלה ומדעים","הגר״א, ביאור הגר״א, פשט, נוסחאות, קבלה, התנגדות לחסידות, מדעי הטבע","מגדולי חכמי ישראל בעת החדשה, שהתמסר ללימוד וסירב למשרות ציבוריות. קרא לשוב לפשט הסוגיה ולמקורות חז״ל, שילב נגלה, קבלה ומדעי הטבע, והשפיע על עולם הישיבות ועל עליית תלמידיו לארץ ישראל.",דיוק במקורות וחיבור בין תחומי הדעת הם מפתח להבנת התורה; פרישות אישית יכולה להצמיח מהפכה חינוכית והיסטורית רחבת היקף.,"רבי חיים מוולוז׳ין, תלמידי הגר״א, האר״י, תנועת החסידות",https://open.spotify.com/episode/2QG8sesF3Tb94qHxKli4Ip?si=fSZtavwtRtCcQAFWdtMyAw&utm_source=copy-link&sci=spotify%3Acard-config%3A4WmVPpkpldpOgfErQxIjLz
379,דמות,רבי חיים ויטאל,1542–1620,צפת; ירושלים; דמשק,העת החדשה המוקדמת,"קבלה, מדעי הטבע ורפואה","האר״י, הרמ״ק, עץ חיים, שמונה שערים, אסטרונומיה, אלכימיה, רפואה","תלמידו המרכזי של האר״י, שערך והעלה על הכתב את עיקרי תורתו ובכך הבטיח את שימורה לדורות. לצד הקבלה עסק באסטרונומיה, רפואה ואלכימיה, וראה בחקר הטבע חלק מהבנת הסדר האלוקי.",העולם הרוחני והעולם הגשמי פועלים בסדר אחד שמקורו בבורא; חקר הבריאה ולימוד הסוד יכולים להשלים זה את זה.,"האר״י (רבו), רבי משה קורדובירו, רבי יוסף קארו, רבי משה אלשיך, רבי שמואל ויטאל (בנו)",https://open.spotify.com/episode/2y0lcRB4uzLoGkNjomROGT?si=zSgh2Lo1Rhi-xJoXHFCmZQ&utm_source=copy-link&sci=spotify%3Acard-config%3A5Lf68dFMI1Ocsg20GcNxve
380,דמות,הרב רפאל יהודה מנחם לוי – רבי יהודה מרגוזה,1783–1879,סרייבו; ירושלים; קושטא; יפו,העת החדשה,"רבנות, התיישבות וחקלאות","יפו, הפרדס היהודי הראשון, מקוה ישראל, פתח תקווה, ועד העיר, עבודת האדמה","רבה הראשון של יפו החדשה, שאיחד קהילות, קלט עולים והקים מוסדות ציבור. נטע ב־1842 את הפרדס היהודי הראשון בעת החדשה, תמך במקוה ישראל ועודד עבודה, חקלאות והתיישבות בארץ.","תורה ועבודת האדמה אינן סותרות זו את זו; בניין הארץ, עצמאות כלכלית ויוזמה ציבורית הם חלק מתהליך הגאולה.","הרב יהודה ביבאס, משה מונטיפיורי, קרל נטר, מייסדי פתח תקווה",https://open.spotify.com/episode/2vnsQe29gJwAhGdJrpMnOx?si=ZAoEOb3iRWW3dvxx-ceftA&utm_source=copy-link&sci=spotify%3Acard-config%3A33Nz3MYf4lcl6E334eCK6Z
381,דמות,רבי מאיר הגדול מפרמישלאן,1703–1773,"פרמישלאן, גליציה",העת החדשה,"חסידות, קבלה וחינוך","הבעל שם טוב, ראשית החסידות, פרנקיסטים, מלמד תינוקות, יאיר אור","מתלמידיו הקרובים של הבעל שם טוב וממנהיגי הדור הראשון של החסידות. היה מקובל עמוק ולוחם נגד הפרנקיסטים, אך בחר בענווה ללמד ילדים קטנים ולראות באותיות האל״ף־בי״ת שער לסודות התורה.",גדלות רוחנית נבחנת בענווה ובנכונות לעסוק ביסודות הפשוטים; אותיות של ילד יכולות לשאת את אותם סודות המצויים בעולמות הקבלה.,"הבעל שם טוב, רבי שבתי מרשקוב, שושלות נדבורנה, קרעטשניף וקאלוש",https://open.spotify.com/episode/3rYIaSwkfbiANYCRUHiBnj?si=MJi266XgRcyylDrZpqH91Q&utm_source=copy-link&sci=spotify%3Acard-config%3A5aUCa9GVy3Zh03e3tFlI2p
382,דמות,רבי יוסף שלמה דלמדיגו – יש״ר מקנדיה,1591–1655,"קנדיה, כרתים; פדובה; המבורג; אמסטרדם; פראג",העת החדשה המוקדמת,"רפואה, אסטרונומיה והגות","גלילאו, קופרניקוס, הליוצנטריות, מתמטיקה, רפואה, קבלה, תורה ומדע","רב, רופא, מתמטיקאי ואסטרונום שלמד אצל גלילאו באוניברסיטת פדובה. קיבל את המודל ההליוצנטרי ושילב ידע מדעי עם עיון תורני, תוך התמודדות מורכבת עם הקבלה וספר הזוהר.","ידע מדעי חדש אינו חייב לאיים על המסורת; אפשר להשתמש בו כדי להעמיק בהבנת הבריאה, ההלכה וחכמת התורה.","גלילאו גליליי, קופרניקוס, בעל תוספות יום טוב, רבי יעקב עמדין, החיד״א, הראי״ה קוק, הרב יוסף קאפח",https://open.spotify.com/episode/2lm6saPwtEQcZ8XmgdEkfP?si=z10JIHVMQHuJZkHXLExfCA&utm_source=copy-link&sci=spotify%3Acard-config%3A6mAeT1QQVImrjdaPrahbXW
383,דמות,רבי יצחק חזקיה למפרונטי,1679–1756,"פרארה, איטליה",העת החדשה,"הלכה, רפואה ואנציקלופדיה תורנית","פחד יצחק, רפואה והלכה, כינה בשבת, מדע וחז״ל, אנציקלופדיה הלכתית","רבה של פרארה, ראש ישיבה ורופא מוסמך, מחבר האנציקלופדיה ההלכתית ״פחד יצחק״. ליקט אלפי מקורות ופסקים, ושילב בירור מדעי של המציאות בדיון ההלכתי מתוך נאמנות למסורת.",המדע אינו מחליף את התורה אלא מסייע לברר את המציאות שעליה חלה ההלכה; נאמנות לחז״ל יכולה להשתלב בבחינה מחודשת של עובדות טבעיות.,"החיד״א, רבי עקיבא איגר, הרב עובדיה יוסף, בעל ציץ אליעזר, הרמב״ם",https://open.spotify.com/episode/7AaAvHK6I1c5sZj4vCcH9w?si=rc-DJ_K8Q6ORXokldUUfmA&utm_source=copy-link&sci=spotify%3Acard-config%3A701sI7qqYykBp0J6Jk4lkh